Name,Age,Team,League,W,L,W-L%,ERA,G,GS,GF,CG,SHO,SV,IP,H,R,ER,HR,BB,IBB,SO,HBP,BK,WP,BF,ERA+,FIP,WHIP,H9,HR9,BB9,SO9,SO/W
Fernando Abad ,37,COL,NL,1,0,1.0,4.26,6,0,2,0,0,0,6.1,11,3,3,2,3,0,2,0,0,0,32,124,8.18,2.211,15.6,2.8,4.3,2.8,0.67
Andrew Abbott ,24,CIN,NL,5,2,0.714,2.1,9,9,0,0,0,0,55.2,33,13,13,8,18,0,57,0,0,0,213,226,4.08,0.916,5.3,1.3,2.9,9.2,3.17
Cory Abbott,27,WSN,NL,0,1,0.0,5.49,10,0,6,0,0,0,19.2,20,12,12,4,9,0,16,1,0,1,85,77,5.83,1.475,9.2,1.8,4.1,7.3,1.78
Albert Abreu,27,NYY,AL,2,2,0.5,4.14,33,0,13,0,0,0,41.1,34,26,19,6,21,1,46,3,0,2,182,103,4.69,1.331,7.4,1.3,4.6,10.0,2.19
Bryan Abreu,26,HOU,AL,3,2,0.6,2.72,47,0,11,0,0,2,46.1,34,17,14,6,19,0,69,3,0,1,192,155,3.42,1.144,6.6,1.2,3.7,13.4,3.63
Domingo Acevedo,29,OAK,AL,0,0,0.0,10.61,9,0,1,0,0,0,9.1,16,11,11,2,2,1,7,1,0,1,47,40,5.54,1.929,15.4,1.9,1.9,6.8,3.5
Garrett Acton,25,OAK,AL,0,0,0.0,12.71,6,0,3,0,0,0,5.2,9,8,8,3,5,2,5,1,0,0,32,34,11.58,2.471,14.3,4.8,7.9,7.9,1.0
Jason Adam,31,TBR,AL,2,2,0.5,2.68,42,0,18,0,0,11,40.1,26,15,12,4,16,0,50,9,0,0,170,154,3.96,1.041,5.8,0.9,3.6,11.2,3.13
Austin Adams,32,ARI,NL,0,1,0.0,6.28,20,0,1,0,0,0,14.1,13,11,10,1,6,0,18,4,0,2,66,69,3.78,1.326,8.2,0.6,3.8,11.3,3.0
Ty Adcock,26,SEA,AL,0,0,0.0,3.45,12,0,4,0,0,0,15.2,11,7,6,4,0,0,11,0,0,0,58,122,5.2,0.702,6.3,2.3,0.0,6.3,0.0
Joan Adon,24,WSN,NL,0,0,0.0,5.4,2,0,2,0,0,0,5.0,3,3,3,2,2,0,4,0,0,1,20,83,8.09,1.0,5.4,3.6,3.6,7.2,2.0
Keegan Akin ,28,BAL,AL,2,2,0.5,6.85,24,1,7,0,0,0,23.2,35,22,18,2,7,2,27,0,0,2,112,62,2.99,1.775,13.3,0.8,2.7,10.3,3.86
Hanser Alberto,30,CHW,AL,0,0,0.0,21.6,2,0,2,0,0,0,1.2,6,4,4,1,1,0,1,0,0,0,12,24,11.69,4.2,32.4,5.4,5.4,5.4,1.0
Jorge Alcala,27,MIN,AL,0,1,0.0,6.46,10,0,3,0,0,0,15.1,13,12,11,4,8,0,12,1,0,0,66,68,6.88,1.37,7.6,2.3,4.7,7.0,1.5
Sandy Alcantara,27,MIA,NL,3,9,0.25,4.7,20,20,0,1,1,0,126.1,126,69,66,14,36,0,106,4,0,3,532,92,4.0,1.282,9.0,1.0,2.6,7.6,2.94
Scott Alexander ,33,SFG,NL,6,0,1.0,3.04,31,1,6,0,0,1,26.2,21,11,9,1,6,1,15,1,0,3,107,143,3.44,1.013,7.1,0.3,2.0,5.1,2.5
Tyler Alexander ,28,DET,AL,2,1,0.667,4.5,25,1,8,0,0,0,44.0,44,25,22,8,5,0,44,2,0,0,181,96,4.13,1.114,9.0,1.6,1.0,9.0,8.8
Kolby Allard ,25,ATL,NL,0,1,0.0,6.57,4,3,1,0,0,0,12.1,16,9,9,2,4,0,13,0,0,1,56,70,4.26,1.622,11.7,1.5,2.9,9.5,3.25
Logan Allen ,24,CLE,AL,4,2,0.667,3.21,13,13,0,0,0,0,67.1,67,25,24,6,25,0,71,1,0,1,292,130,3.5,1.366,9.0,0.8,3.3,9.5,2.84
Yency Almonte,29,LAD,NL,3,1,0.75,4.65,42,0,4,0,0,0,40.2,36,24,21,5,16,1,39,3,0,2,172,96,4.37,1.279,8.0,1.1,3.5,8.6,2.44
José Alvarado ,28,PHI,NL,0,0,0.0,1.38,26,0,7,0,0,6,26.0,21,7,4,2,9,1,39,0,0,2,107,314,2.33,1.154,7.3,0.7,3.1,13.5,4.33
Adbert Alzolay,28,CHC,NL,1,4,0.2,2.51,37,0,19,0,0,9,43.0,35,15,12,3,7,0,48,3,1,0,168,179,2.66,0.977,7.3,0.6,1.5,10.0,6.86
Chase Anderson,35,TOT,MLB,0,4,0.0,6.08,14,12,2,0,0,1,60.2,70,41,41,14,20,0,44,6,0,0,268,82,6.12,1.484,10.4,2.1,3.0,6.5,2.2
Chase Anderson,35,TBR,AL,0,0,0.0,0.0,2,0,2,0,0,1,5.0,2,0,0,0,1,0,2,0,0,0,18,0,3.09,0.6,3.6,0.0,1.8,3.6,2.0
Chase Anderson,35,COL,NL,0,4,0.0,6.63,12,12,0,0,0,0,55.2,68,41,41,14,19,0,42,6,0,0,250,76,6.4,1.563,11.0,2.3,3.1,6.8,2.21
Grant Anderson,26,TEX,AL,1,1,0.5,5.2,19,0,2,0,0,0,27.2,29,16,16,3,7,0,26,1,0,0,116,85,3.69,1.301,9.4,1.0,2.3,8.5,3.71
Nick Anderson,32,ATL,NL,4,0,1.0,3.06,35,0,3,0,0,1,35.1,30,14,12,3,9,0,36,0,0,1,141,149,3.12,1.104,7.6,0.8,2.3,9.2,4.0
Tyler Anderson ,33,LAA,AL,4,2,0.667,5.17,17,16,0,0,0,0,87.0,96,52,50,10,39,0,73,4,1,4,393,86,4.59,1.552,9.9,1.0,4.0,7.6,1.87
Clayton Andrews ,26,MIL,NL,0,1,0.0,27.0,2,0,1,0,0,0,1.2,5,6,5,1,1,0,2,0,0,1,11,19,10.49,3.6,27.0,5.4,5.4,10.8,2.0
Shawn Armstrong,32,TBR,AL,0,0,0.0,0.76,16,3,3,0,0,0,23.2,16,2,2,1,5,0,25,1,0,0,91,547,2.49,0.887,6.1,0.4,1.9,9.5,5.0
Graham Ashcraft,25,CIN,NL,5,7,0.417,5.77,18,18,0,0,0,0,93.2,105,61,60,14,39,0,66,7,1,3,419,82,5.3,1.537,10.1,1.3,3.7,6.3,1.69
Javier Assad,25,CHC,NL,0,2,0.0,3.8,15,1,8,0,0,0,42.2,40,18,18,5,20,0,33,0,0,0,178,118,4.67,1.406,8.4,1.1,4.2,7.0,1.65
Pedro Avila,26,SDP,NL,0,0,0.0,0.0,1,0,0,0,0,0,3.0,1,0,0,0,1,0,4,1,0,0,11,0,2.62,0.667,3.0,0.0,3.0,12.0,4.0
Sam Bachman,23,LAA,AL,1,2,0.333,3.18,11,0,4,0,0,1,17.0,17,7,6,0,11,1,14,1,0,3,77,142,3.76,1.647,9.0,0.0,5.8,7.4,1.27
Bryan Baker,28,BAL,AL,3,3,0.5,3.83,43,0,2,0,0,0,40.0,29,18,17,3,23,2,48,1,0,3,167,110,3.66,1.3,6.5,0.7,5.2,10.8,2.09
Jordan Balazovic,24,MIN,AL,1,0,1.0,1.38,10,0,3,0,0,0,13.0,11,2,2,2,4,0,9,0,0,1,52,320,4.83,1.154,7.6,1.4,2.8,6.2,2.25
Anthony Banda ,29,WSN,NL,0,0,0.0,6.43,10,0,5,0,0,0,7.0,9,5,5,1,5,0,6,1,0,1,35,68,6.0,2.0,11.6,1.3,6.4,7.7,1.2
Tanner Banks ,31,CHW,AL,0,3,0.0,5.61,12,3,5,0,0,0,25.2,25,16,16,5,6,0,25,2,0,0,107,79,4.81,1.208,8.8,1.8,2.1,8.8,4.17
Daniel Bard,38,COL,NL,4,1,0.8,2.02,34,0,7,0,0,1,35.2,20,8,8,2,27,1,32,4,1,2,150,251,4.83,1.318,5.0,0.5,6.8,8.1,1.19
Joe Barlow,27,TEX,AL,1,1,0.5,4.66,13,0,4,0,0,0,9.2,13,5,5,2,2,0,6,0,0,0,44,97,5.36,1.552,12.1,1.9,1.9,5.6,3.0
Scott Barlow,30,KCR,AL,2,4,0.333,4.89,34,0,29,0,0,11,35.0,31,21,19,3,19,0,45,0,0,3,154,91,3.46,1.429,8.0,0.8,4.9,11.6,2.37
Matt Barnes,33,MIA,NL,1,0,1.0,5.48,24,1,3,0,0,0,21.1,25,13,13,2,10,1,20,1,1,2,99,80,4.18,1.641,10.5,0.8,4.2,8.4,2.0
Tucker Barnhart,32,CHC,NL,0,0,0.0,0.0,2,0,2,0,0,0,2.0,3,0,0,0,0,0,0,0,0,0,9,0,3.29,1.5,13.5,0.0,0.0,0.0,0.0
Jaime Barria,26,LAA,AL,2,5,0.286,3.64,21,6,8,0,0,0,59.1,51,31,24,10,17,3,48,2,1,1,242,123,4.82,1.146,7.7,1.5,2.6,7.3,2.82
Anthony Bass,35,TOR,AL,0,0,0.0,4.95,22,0,7,0,0,0,20.0,19,12,11,3,9,2,19,0,0,1,88,86,4.69,1.4,8.6,1.4,4.1,8.6,2.11
Chris Bassitt,34,TOR,AL,10,5,0.667,3.92,21,21,0,1,1,0,121.2,110,60,53,18,37,0,112,11,2,2,513,107,4.55,1.208,8.1,1.3,2.7,8.3,3.03
Peyton Battenfield,25,CLE,AL,0,5,0.0,5.19,7,6,1,0,0,0,34.2,34,22,20,7,12,0,27,0,0,1,146,81,5.39,1.327,8.8,1.8,3.1,7.0,2.25
Mike Baumann,27,BAL,AL,6,0,1.0,3.69,43,0,10,0,0,0,46.1,34,20,19,4,26,1,50,2,0,5,193,114,4.07,1.295,6.6,0.8,5.1,9.7,1.92
Félix Bautista,28,BAL,AL,5,1,0.833,0.94,44,0,38,0,0,27,48.0,21,9,5,3,19,0,93,2,0,6,184,449,1.54,0.833,3.9,0.6,3.6,17.4,4.89
Eduard Bazardo,27,BAL,AL,0,0,0.0,15.43,3,0,2,0,0,0,2.1,6,4,4,0,0,0,1,0,0,0,13,31,2.43,2.571,23.1,0.0,0.0,3.9,0.0
Matt Beaty,30,SFG,NL,0,0,0.0,27.0,1,0,1,0,0,0,1.0,3,3,3,0,1,0,1,0,0,0,7,22,4.29,4.0,27.0,0.0,9.0,9.0,1.0
Tristan Beck,27,SFG,NL,1,0,1.0,3.06,20,0,9,0,0,2,50.0,44,18,17,6,12,0,38,2,0,3,204,141,4.17,1.12,7.9,1.1,2.2,6.8,3.17
David Bednar,28,PIT,NL,3,1,0.75,1.15,38,0,32,0,0,19,39.0,28,9,5,1,9,3,47,1,0,1,155,390,1.98,0.949,6.5,0.2,2.1,10.8,5.22
Jalen Beeks ,29,TBR,AL,2,3,0.4,6.27,27,7,6,0,0,1,37.1,36,26,26,4,19,0,40,1,0,3,169,66,4.15,1.473,8.7,1.0,4.6,9.6,2.11
Andrew Bellatti,31,PHI,NL,1,0,1.0,5.06,19,0,3,0,0,0,16.0,14,10,9,2,10,0,17,0,0,0,73,87,4.66,1.5,7.9,1.1,5.6,9.6,1.7
Brayan Bello,24,BOS,AL,7,6,0.538,3.6,16,16,0,0,0,0,90.0,86,38,36,13,24,0,78,4,0,1,380,130,4.37,1.222,8.6,1.3,2.4,7.8,3.25
Brennan Bernardino ,31,BOS,AL,1,0,1.0,2.48,28,3,6,0,0,0,32.2,26,10,9,2,8,0,35,2,0,1,128,189,2.86,1.041,7.2,0.6,2.2,9.6,4.38
José Berríos,29,TOR,AL,8,7,0.533,3.39,20,20,0,0,0,0,119.1,105,48,45,13,34,1,114,7,1,3,488,123,3.83,1.165,7.9,1.0,2.6,8.6,3.35
Prelander Berroa,23,SEA,AL,0,0,0.0,0.0,1,0,0,0,0,0,0.2,0,0,0,0,3,0,1,0,0,1,5,0,13.79,4.5,0.0,0.0,40.5,13.5,0.33
Christian Bethancourt,31,TBR,AL,0,0,0.0,81.0,1,0,1,0,0,0,0.1,3,3,3,1,0,0,0,0,0,0,4,11,42.29,9.0,81.0,27.0,0.0,0.0,0.0
Tanner Bibee,24,CLE,AL,6,2,0.75,3.04,15,15,0,0,0,0,83.0,70,30,28,7,29,0,85,4,0,6,346,137,3.53,1.193,7.6,0.8,3.1,9.2,2.93
Phil Bickford,27,LAD,NL,2,2,0.5,5.26,33,0,10,0,0,0,39.1,36,24,23,5,23,3,46,0,1,3,176,85,4.36,1.5,8.2,1.1,5.3,10.5,2.0
Osvaldo Bido,27,PIT,NL,2,1,0.667,4.5,8,6,0,0,0,0,30.0,33,15,15,1,13,0,28,5,0,0,141,100,3.66,1.533,9.9,0.3,3.9,8.4,2.15
Shane Bieber,28,CLE,AL,5,6,0.455,3.77,19,19,0,1,0,0,117.0,113,50,49,14,33,0,95,3,1,6,489,110,4.14,1.248,8.7,1.1,2.5,7.3,2.88
Brandon Bielak,27,HOU,AL,5,5,0.5,3.46,12,11,0,0,0,0,65.0,65,28,25,10,26,0,50,4,0,2,278,121,5.14,1.4,9.0,1.4,3.6,6.9,1.92
Jake Bird,27,COL,NL,2,1,0.667,4.03,45,2,4,0,0,0,58.0,61,30,26,3,19,0,54,4,0,2,247,125,3.29,1.379,9.5,0.5,2.9,8.4,2.84
Ty Blach ,32,COL,NL,0,0,0.0,6.75,7,0,2,0,0,0,13.1,24,13,10,2,2,0,5,1,0,0,66,76,5.16,1.95,16.2,1.4,1.4,3.4,2.5
Paul Blackburn,29,OAK,AL,1,2,0.333,5.06,10,9,0,0,0,0,48.0,58,28,27,5,18,0,49,3,0,0,221,81,3.91,1.583,10.9,0.9,3.4,9.2,2.72
Ronel Blanco,29,HOU,AL,2,1,0.667,4.7,15,6,7,0,0,0,46.0,42,27,24,12,24,0,48,2,0,2,199,90,6.29,1.435,8.2,2.3,4.7,9.4,2.0
Richard Bleier ,36,BOS,AL,1,0,1.0,5.09,21,0,2,0,0,0,23.0,28,15,13,4,4,1,14,2,0,3,100,93,5.12,1.391,11.0,1.6,1.6,5.5,3.5
Cody Bolton,25,PIT,NL,0,0,0.0,9.9,7,0,2,0,0,0,10.0,18,11,11,2,10,0,10,1,0,0,58,47,7.19,2.8,16.2,1.8,9.0,9.0,1.0
Ryan Borucki ,29,PIT,NL,1,0,1.0,4.05,12,1,0,0,0,0,13.1,11,6,6,2,0,0,14,3,0,0,53,113,3.81,0.825,7.4,1.4,0.0,9.5,0.0
Brad Boxberger,35,CHC,NL,0,1,0.0,5.52,17,0,4,0,0,2,14.2,13,9,9,3,9,1,13,1,0,0,65,83,6.22,1.5,8.0,1.8,5.5,8.0,1.44
Matthew Boyd ,32,DET,AL,5,5,0.5,5.45,15,15,0,0,0,0,71.0,69,46,43,11,25,0,73,2,0,2,303,79,4.39,1.324,8.7,1.4,3.2,9.3,2.92
Silvino Bracho,30,CIN,NL,0,0,0.0,3.68,5,0,2,0,0,0,7.1,5,3,3,0,6,0,6,0,0,0,31,134,4.11,1.5,6.1,0.0,7.4,7.4,1.0
Cody Bradford ,25,TEX,AL,2,1,0.667,4.78,10,5,2,0,0,0,32.0,28,17,17,6,8,0,29,1,0,0,130,92,4.76,1.125,7.9,1.7,2.3,8.2,3.63
Kyle Bradish,26,BAL,AL,6,5,0.545,3.05,18,18,0,0,0,0,97.1,85,34,33,9,25,0,92,5,0,5,397,137,3.53,1.13,7.9,0.8,2.3,8.5,3.68
Archie Bradley,30,MIA,NL,0,0,0.0,11.05,4,0,2,0,0,0,7.1,13,10,9,2,3,0,7,1,0,1,39,41,6.56,2.182,16.0,2.5,3.7,8.6,2.33
Taj Bradley,22,TBR,AL,5,6,0.455,5.29,14,14,0,0,0,0,66.1,71,42,39,12,21,0,89,1,0,3,291,78,3.95,1.387,9.6,1.6,2.8,12.1,4.24
Matt Brash,25,SEA,AL,4,3,0.571,3.57,47,0,3,0,0,1,40.1,39,18,16,1,17,0,70,5,0,5,180,116,1.78,1.388,8.7,0.2,3.8,15.6,4.12
Ryan Brasier,35,TOT,MLB,2,0,1.0,5.03,32,0,13,0,0,2,34.0,29,21,19,2,14,1,29,2,0,3,143,92,3.76,1.265,7.7,0.5,3.7,7.7,2.07
Ryan Brasier,35,BOS,AL,1,0,1.0,7.29,20,0,10,0,0,1,21.0,24,18,17,2,9,0,18,2,0,2,95,65,4.38,1.571,10.3,0.9,3.9,7.7,2.0
Ryan Brasier,35,LAD,NL,1,0,1.0,1.38,12,0,3,0,0,1,13.0,5,3,2,0,5,1,11,0,0,1,48,327,2.75,0.769,3.5,0.0,3.5,7.6,2.2
Huascar Brazoban,33,MIA,NL,3,2,0.6,3.72,41,0,4,0,0,0,48.1,48,21,20,4,21,1,49,2,0,1,209,117,3.76,1.428,8.9,0.7,3.9,9.1,2.33
John Brebbia,33,SFG,NL,2,0,1.0,3.14,29,8,3,0,0,0,28.2,21,10,10,2,10,1,36,0,0,0,116,138,2.73,1.081,6.6,0.6,3.1,11.3,3.6
Colten Brewer,30,NYY,AL,0,0,0.0,4.32,3,0,1,0,0,0,8.1,6,4,4,3,3,0,4,1,0,1,34,102,8.45,1.08,6.5,3.2,3.2,4.3,1.33
Beau Brieske,25,DET,AL,0,0,0.0,5.4,3,0,1,0,0,0,3.1,3,2,2,0,1,0,3,0,0,0,14,88,2.39,1.2,8.1,0.0,2.7,8.1,3.0
Jeff Brigham,31,NYM,NL,0,2,0.0,5.16,32,0,7,0,0,0,29.2,18,18,17,6,13,0,33,5,0,0,124,81,5.51,1.045,5.5,1.8,3.9,10.0,2.54
Braden Bristo,28,TOT,AL,0,0,0.0,2.57,3,0,3,0,0,1,7.0,5,3,2,0,4,1,5,0,0,1,30,181,3.57,1.286,6.4,0.0,5.1,6.4,1.25
Braden Bristo,28,TBR,AL,0,0,0.0,0.0,1,0,1,0,0,1,3.0,0,0,0,0,1,0,4,0,0,1,10,0,1.62,0.333,0.0,0.0,3.0,12.0,4.0
Braden Bristo,28,DET,AL,0,0,0.0,4.5,2,0,2,0,0,0,4.0,5,3,2,0,3,1,1,0,0,0,20,104,5.04,2.0,11.3,0.0,6.8,2.3,0.33
Jhony Brito,25,NYY,AL,4,4,0.5,4.7,12,11,0,0,0,0,51.2,48,30,27,8,21,0,35,2,1,0,219,90,5.28,1.335,8.4,1.4,3.7,6.1,1.67
Connor Brogdon,28,PHI,NL,2,1,0.667,4.03,27,1,3,0,0,0,29.0,29,14,13,5,13,0,26,1,0,2,127,108,5.19,1.448,9.0,1.6,4.0,8.1,2.0
Mike Brosseau,29,MIL,NL,0,0,0.0,3.86,3,0,3,0,0,0,2.1,1,1,1,1,1,0,0,0,0,0,9,129,10.15,0.857,3.9,3.9,3.9,0.0,0.0
Hunter Brown,24,HOU,AL,6,7,0.462,4.26,18,18,0,0,0,0,99.1,98,51,47,11,33,0,118,5,0,2,418,98,3.5,1.319,8.9,1.0,3.0,10.7,3.58
Justin Bruihl ,26,LAD,NL,1,0,1.0,3.22,18,0,8,0,0,0,22.1,22,8,8,2,5,0,17,2,0,2,91,139,3.87,1.209,8.9,0.8,2.0,6.9,3.4
Kris Bubic ,25,KCR,AL,0,2,0.0,3.94,3,3,0,0,0,0,16.0,19,7,7,1,2,0,16,1,0,1,68,114,2.66,1.313,10.7,0.6,1.1,9.0,8.0
J.B. Bukauskas,26,TOT,MLB,0,0,0.0,3.0,3,0,0,0,0,0,3.0,2,2,1,0,3,1,3,1,0,1,14,176,5.29,1.667,6.0,0.0,9.0,9.0,1.0
J.B. Bukauskas,26,SEA,AL,0,0,0.0,9.0,1,0,0,0,0,0,1.0,2,2,1,0,2,1,1,0,0,1,7,63,7.29,4.0,18.0,0.0,18.0,9.0,0.5
J.B. Bukauskas,26,MIL,NL,0,0,0.0,0.0,2,0,0,0,0,0,2.0,0,0,0,0,1,0,2,1,0,0,7,0,4.29,0.5,0.0,0.0,4.5,9.0,2.0
Madison Bumgarner ,33,ARI,NL,0,3,0.0,10.26,4,4,0,0,0,0,16.2,25,20,19,4,15,0,10,1,0,0,90,42,8.09,2.4,13.5,2.2,8.1,5.4,0.67
Aaron Bummer ,29,CHW,AL,3,2,0.6,6.82,39,0,6,0,0,0,34.1,33,27,26,0,17,3,43,1,0,3,154,64,2.36,1.456,8.7,0.0,4.5,11.3,2.53
Nick Burdi,30,CHC,NL,0,0,0.0,9.0,3,0,2,0,0,0,3.0,3,3,3,0,3,0,4,0,0,1,15,55,3.62,2.0,9.0,0.0,9.0,12.0,1.33
Zack Burdi,28,TBR,AL,0,0,0.0,11.25,3,0,1,0,0,0,4.0,6,6,5,0,2,0,5,0,0,2,20,40,2.29,2.0,13.5,0.0,4.5,11.3,2.5
Brock Burke ,26,TEX,AL,4,2,0.667,2.77,32,0,4,0,0,0,39.0,37,14,12,5,6,3,30,2,0,0,160,158,4.03,1.103,8.5,1.2,1.4,6.9,5.0
Alec Burleson ,24,STL,NL,0,0,0.0,21.6,2,0,2,0,0,0,1.2,8,4,4,1,0,0,1,0,0,0,13,24,9.89,4.8,43.2,5.4,0.0,5.4,0.0
Corbin Burnes,28,MIL,NL,9,5,0.643,3.49,20,20,0,0,0,0,121.1,87,51,47,14,42,0,125,6,0,5,492,125,3.92,1.063,6.5,1.0,3.1,9.3,2.98
Alan Busenitz,32,CIN,NL,0,0,0.0,4.5,4,0,3,0,0,0,4.0,7,2,2,0,1,1,3,0,0,0,20,113,2.54,2.0,15.8,0.0,2.3,6.8,3.0
Matt Bush,37,MIL,NL,0,2,0.0,9.58,12,0,4,0,0,1,10.1,11,11,11,5,6,0,10,0,0,0,48,47,9.39,1.645,9.6,4.4,5.2,8.7,1.67
José Butto,25,NYM,NL,0,1,0.0,3.0,3,2,0,0,0,0,12.0,10,4,4,1,11,0,5,0,0,0,56,141,6.29,1.75,7.5,0.8,8.3,3.8,0.45
Edward Cabrera,25,MIA,NL,5,5,0.5,4.5,15,15,0,0,0,0,72.0,55,36,36,10,44,0,90,3,3,0,310,97,4.55,1.375,6.9,1.3,5.5,11.3,2.05
Génesis Cabrera ,26,STL,NL,1,1,0.5,5.06,32,0,10,0,0,0,32.0,32,18,18,6,18,0,38,0,1,0,143,86,5.04,1.563,9.0,1.7,5.1,10.7,2.11
Blair Calvo,27,COL,NL,0,0,0.0,0.0,1,0,1,0,0,0,1.0,0,0,0,0,0,0,0,0,0,0,3,0,3.29,0.0,0.0,0.0,0.0,0.0,0.0
Isaiah Campbell,25,SEA,AL,1,0,1.0,0.0,4,0,1,0,0,0,4.0,1,0,0,0,2,0,6,1,0,1,16,0,2.54,0.75,2.3,0.0,4.5,13.5,3.0
Griffin Canning,27,LAA,AL,6,4,0.6,4.52,15,15,0,0,0,0,79.2,73,41,40,15,25,0,83,4,0,3,335,99,4.75,1.23,8.2,1.7,2.8,9.4,3.32
Yennier Cano,29,BAL,AL,1,1,0.5,1.51,42,0,7,0,0,4,47.2,38,8,8,2,6,1,41,2,1,1,178,279,2.62,0.923,7.2,0.4,1.1,7.7,6.83
Matt Carasiti,31,COL,NL,1,0,1.0,7.06,14,0,2,0,0,1,21.2,26,19,17,3,11,0,14,1,0,1,101,72,5.46,1.708,10.8,1.2,4.6,5.8,1.27
Drew Carlton,27,SDP,NL,2,1,0.667,4.35,11,0,1,0,0,0,20.2,18,12,10,2,6,0,18,1,0,1,85,95,3.82,1.161,7.8,0.9,2.6,7.8,3.0
Carlos Carrasco,36,NYM,NL,3,3,0.5,5.35,13,13,0,0,0,0,65.2,66,40,39,13,29,0,48,5,0,1,289,77,5.95,1.447,9.0,1.8,4.0,6.6,1.66
Daniel Castano ,28,MIA,NL,0,0,0.0,27.0,1,0,1,0,0,0,1.0,2,3,3,2,1,0,2,0,0,0,6,22,28.29,3.0,18.0,18.0,9.0,18.0,2.0
Diego Castillo,29,SEA,AL,0,0,0.0,6.23,8,0,1,0,0,0,8.2,7,6,6,2,7,0,7,1,0,0,41,69,7.44,1.615,7.3,2.1,7.3,7.3,1.0
José Castillo ,27,SDP,NL,0,0,0.0,108.0,1,0,0,0,0,0,0.1,2,4,4,0,2,0,0,1,0,0,6,8,30.29,12.0,54.0,0.0,54.0,0.0,0.0
Luis Castillo,30,SEA,AL,6,7,0.462,3.04,20,20,0,0,0,0,118.1,94,48,40,19,30,0,133,3,0,3,480,135,3.97,1.048,7.1,1.4,2.3,10.1,4.43
Max Castillo,24,KCR,AL,0,1,0.0,4.24,5,0,2,0,0,0,17.0,17,8,8,2,6,1,10,1,0,0,73,106,4.88,1.353,9.0,1.1,3.2,5.3,1.67
Harold Castro,29,COL,NL,0,0,0.0,9.0,2,0,2,0,0,0,2.0,4,2,2,0,1,0,0,1,0,0,11,64,6.29,2.5,18.0,0.0,4.5,0.0,0.0
Miguel Castro,28,ARI,NL,5,4,0.556,3.83,44,0,16,0,0,7,40.0,27,17,17,5,15,3,32,1,0,0,161,112,4.51,1.05,6.1,1.1,3.4,7.2,2.13
Willi Castro,26,MIN,AL,0,0,0.0,0.0,2,0,2,0,0,0,1.1,1,0,0,0,0,0,0,0,0,0,4,0,3.29,0.75,6.8,0.0,0.0,0.0,0.0
Dylan Cease,27,CHW,AL,4,3,0.571,4.04,21,21,0,0,0,0,113.2,102,56,51,12,47,1,138,6,0,5,492,108,3.63,1.311,8.1,1.0,3.7,10.9,2.94
Luis Cessa,31,CIN,NL,1,4,0.2,9.0,7,6,0,0,0,0,26.0,46,26,26,3,12,0,11,1,0,2,132,53,5.44,2.231,15.9,1.0,4.2,3.8,0.92
Andrew Chafin ,33,ARI,NL,2,2,0.5,2.97,41,0,14,0,0,8,33.1,27,12,11,3,15,0,46,0,0,1,140,144,3.05,1.26,7.3,0.8,4.1,12.4,3.07
Aroldis Chapman ,35,TOT,AL,5,2,0.714,2.04,37,0,11,0,0,3,35.1,18,10,8,0,20,0,63,0,1,2,142,219,1.42,1.075,4.6,0.0,5.1,16.0,3.15
Aroldis Chapman ,35,KCR,AL,4,2,0.667,2.45,31,0,9,0,0,2,29.1,16,10,8,0,20,0,53,0,1,2,122,181,1.72,1.227,4.9,0.0,6.1,16.3,2.65
Aroldis Chapman ,35,TEX,AL,1,0,1.0,0.0,6,0,2,0,0,1,6.0,2,0,0,0,0,0,10,0,0,0,20,0,-0.04,0.333,3.0,0.0,0.0,15.0,0.0
JT Chargois,32,MIA,NL,1,0,1.0,3.51,28,0,5,0,0,1,25.2,19,10,10,2,10,1,20,0,0,0,103,125,3.91,1.13,6.7,0.7,3.5,7.0,2.0
Jesse Chavez,39,ATL,NL,0,0,0.0,1.55,31,1,6,0,0,1,29.0,21,6,5,1,9,0,36,3,0,0,117,294,2.5,1.034,6.5,0.3,2.8,11.2,4.0
Yonny Chirinos,29,TBR,AL,4,4,0.5,4.02,15,4,1,0,0,0,62.2,58,30,28,10,20,0,31,4,0,2,262,102,5.52,1.245,8.3,1.4,2.9,4.5,1.55
Adam Cimber,32,TOR,AL,0,2,0.0,7.4,22,0,6,0,0,1,20.2,25,18,17,6,7,0,12,4,0,0,95,57,7.5,1.548,10.9,2.6,3.0,5.2,1.71
José Cisnero,34,DET,AL,2,2,0.5,3.89,41,0,11,0,0,1,37.0,35,20,16,5,14,2,41,3,0,4,161,112,4.21,1.324,8.5,1.2,3.4,10.0,2.93
Aaron Civale,28,CLE,AL,3,2,0.6,2.71,11,11,0,0,0,0,63.0,50,19,19,5,18,0,49,2,0,3,255,153,3.72,1.079,7.1,0.7,2.6,7.0,2.72
Taylor Clarke,30,KCR,AL,1,4,0.2,6.15,39,1,4,0,0,0,41.0,49,29,28,8,18,1,46,2,0,2,186,72,5.05,1.634,10.8,1.8,4.0,10.1,2.56
Emmanuel Clase,25,CLE,AL,1,5,0.167,3.15,47,0,39,0,0,27,45.2,38,22,16,2,12,0,42,0,0,3,187,132,2.81,1.095,7.5,0.4,2.4,8.3,3.5
Alex Claudio ,31,MIL,NL,0,0,0.0,0.0,1,0,0,0,0,0,0.1,2,0,0,0,0,0,0,0,0,0,3,0,3.29,6.0,54.0,0.0,0.0,0.0,0.0
Garrett Cleavinger ,29,TBR,AL,1,0,1.0,3.0,15,0,3,0,0,0,12.0,6,5,4,2,6,0,14,1,0,1,48,141,4.87,1.0,4.5,1.5,4.5,10.5,2.33
Kody Clemens,27,PHI,NL,0,0,0.0,3.38,4,0,4,0,0,0,2.2,4,1,1,0,3,0,1,0,0,0,15,144,5.91,2.625,13.5,0.0,10.1,3.4,0.33
Ernie Clement,27,TOR,AL,0,0,0.0,9.0,1,0,1,0,0,0,1.0,3,1,1,0,0,0,0,1,0,0,7,63,6.29,3.0,27.0,0.0,0.0,0.0,0.0
Mike Clevinger,32,CHW,AL,3,4,0.429,3.88,12,12,0,0,0,0,62.2,59,27,27,9,26,0,53,4,0,2,274,113,4.9,1.356,8.5,1.3,3.7,7.6,2.04
Alex Cobb,35,SFG,NL,6,3,0.667,3.15,18,18,0,1,1,0,100.0,112,37,35,8,27,0,91,3,4,7,431,136,3.41,1.39,10.1,0.7,2.4,8.2,3.37
Gerrit Cole,32,NYY,AL,9,2,0.818,2.78,21,21,0,1,1,0,129.1,104,42,40,13,36,0,144,6,1,2,522,152,3.34,1.082,7.2,0.9,2.5,10.0,4.0
Dylan Coleman,26,KCR,AL,0,0,0.0,11.7,11,0,6,0,0,0,10.0,12,13,13,2,11,1,11,0,0,2,53,39,6.99,2.3,10.8,1.8,9.9,9.9,1.0
Alex Colomé,34,CHW,AL,0,1,0.0,6.0,4,0,2,0,0,0,3.0,2,4,2,1,3,0,2,0,1,0,15,81,9.29,1.667,6.0,3.0,9.0,6.0,0.67
Roansy Contreras,23,PIT,NL,3,7,0.3,6.59,19,11,1,0,0,1,68.1,75,50,50,11,32,1,55,1,0,3,302,68,5.22,1.566,9.9,1.4,4.2,7.2,1.72
Patrick Corbin ,33,WSN,NL,6,10,0.375,4.89,20,20,0,0,0,0,114.0,141,69,62,18,34,0,80,2,0,3,510,85,4.89,1.535,11.1,1.4,2.7,6.3,2.35
Jimmy Cordero,31,NYY,AL,3,2,0.6,3.86,31,1,6,0,0,0,32.2,25,14,14,2,10,0,34,2,1,5,132,111,3.11,1.071,6.9,0.6,2.8,9.4,3.4
Nestor Cortes ,28,NYY,AL,5,2,0.714,5.16,11,11,0,0,0,0,59.1,58,35,34,10,19,0,59,3,0,0,252,82,4.6,1.298,8.8,1.5,2.9,8.9,3.11
Tom Cosgrove ,27,SDP,NL,1,2,0.333,2.08,26,0,8,0,0,0,26.0,15,7,6,2,8,0,23,3,0,1,99,199,3.79,0.885,5.2,0.7,2.8,8.0,2.88
Danny Coulombe ,33,BAL,AL,3,1,0.75,2.91,41,0,7,0,0,1,34.0,30,11,11,3,7,0,41,2,2,0,139,145,2.82,1.088,7.9,0.8,1.9,10.9,5.86
Jake Cousins,28,MIL,NL,0,0,0.0,4.82,9,0,4,0,0,0,9.1,10,5,5,1,10,0,7,0,0,2,45,93,6.4,2.143,9.6,1.0,9.6,6.8,0.7
Dylan Covey,31,TOT,NL,1,2,0.333,5.48,12,1,5,0,0,0,23.0,29,16,14,5,6,0,18,0,0,0,100,81,5.33,1.522,11.3,2.0,2.3,7.0,3.0
Dylan Covey,31,LAD,NL,0,0,0.0,4.5,1,0,0,0,0,0,4.0,5,2,2,2,1,0,3,0,0,0,18,107,9.04,1.5,11.3,4.5,2.3,6.8,3.0
Dylan Covey,31,PHI,NL,1,2,0.333,5.68,11,1,5,0,0,0,19.0,24,14,12,3,5,0,15,0,0,0,82,77,4.55,1.526,11.4,1.4,2.4,7.1,3.0
Austin Cox ,26,KCR,AL,0,1,0.0,3.63,10,2,2,0,0,0,22.1,14,9,9,1,12,0,20,0,0,0,90,123,3.69,1.164,5.6,0.4,4.8,8.1,1.67
Brandon Crawford,36,SFG,NL,0,0,0.0,0.0,1,0,1,0,0,0,1.0,1,0,0,0,1,0,0,0,0,0,5,0,6.29,2.0,9.0,0.0,9.0,0.0,0.0
Kutter Crawford,27,BOS,AL,4,5,0.444,4.04,19,11,5,0,0,0,71.1,63,33,32,12,17,0,69,2,0,3,289,116,4.34,1.121,7.9,1.5,2.1,8.7,4.06
Nabil Crismatt,28,SDP,NL,0,1,0.0,9.82,7,0,3,0,0,0,11.0,17,12,12,3,7,0,9,1,0,2,57,43,7.38,2.182,13.9,2.5,5.7,7.4,1.29
Cooper Criswell,26,TBR,AL,1,1,0.5,5.04,7,0,2,0,0,0,25.0,29,14,14,3,8,1,24,4,0,2,111,82,4.37,1.48,10.4,1.1,2.9,8.6,3.0
Garrett Crochet ,24,CHW,AL,0,1,0.0,3.6,10,0,5,0,0,0,10.0,10,5,4,1,11,0,9,1,0,1,52,125,6.39,2.1,9.0,0.9,9.9,8.1,0.82
Wil Crowe,28,PIT,NL,0,1,0.0,4.66,5,0,2,0,0,1,9.2,9,6,5,1,9,1,9,1,0,2,47,99,5.88,1.862,8.4,0.9,8.4,8.4,1.0
Fernando Cruz,33,CIN,NL,1,1,0.5,4.89,32,0,11,0,0,0,38.2,32,23,21,4,19,0,53,1,0,2,167,97,3.44,1.319,7.4,0.9,4.4,12.3,2.79
Jose Cuas,29,KCR,AL,3,0,1.0,3.99,41,1,5,0,0,0,38.1,40,17,17,5,19,0,48,4,0,2,175,111,4.28,1.539,9.4,1.2,4.5,11.3,2.53
Johnny Cueto,37,MIA,NL,0,1,0.0,4.5,3,2,0,0,0,0,10.0,6,5,5,2,3,0,9,1,0,0,39,100,5.29,0.9,5.4,1.8,2.7,8.1,3.0
Xzavion Curry,24,CLE,AL,3,0,1.0,2.86,24,1,14,0,0,0,50.1,46,18,16,5,11,1,34,1,0,2,206,146,3.94,1.132,8.2,0.9,2.0,6.1,3.09
John Curtiss,30,NYM,NL,0,0,0.0,4.08,13,0,4,0,0,0,17.2,14,8,8,3,6,0,11,0,0,0,70,103,5.27,1.132,7.1,1.5,3.1,5.6,1.83
Tyler Cyr,30,LAD,NL,0,0,0.0,0.0,2,0,2,0,0,0,1.2,1,0,0,0,0,0,2,0,0,0,6,0,0.89,0.6,5.4,0.0,0.0,10.8,0.0
Yu Darvish,36,SDP,NL,7,6,0.538,4.36,17,17,0,0,0,0,97.0,89,48,47,11,33,0,105,5,1,1,405,94,3.77,1.258,8.3,1.0,3.1,9.7,3.18
Tucker Davidson ,27,LAA,AL,1,1,0.5,6.54,18,0,8,0,0,2,31.2,44,25,23,2,11,0,31,2,0,3,148,69,3.38,1.737,12.5,0.6,3.1,8.8,2.82
Zach Davies,30,ARI,NL,1,5,0.167,7.38,12,12,0,0,0,0,57.1,66,50,47,7,27,0,46,0,0,0,259,58,4.68,1.622,10.4,1.1,4.2,7.2,1.7
Noah Davis,26,COL,NL,0,2,0.0,10.61,5,4,0,0,0,0,18.2,32,23,22,4,10,0,16,1,1,4,96,48,6.13,2.25,15.4,1.9,4.8,7.7,1.6
Chase De Jong,29,PIT,NL,0,0,0.0,13.5,6,0,2,0,0,0,11.1,18,17,17,6,6,0,7,2,0,1,60,34,11.05,2.118,14.3,4.8,4.8,5.6,1.17
José De León,30,MIN,AL,0,1,0.0,4.67,12,1,4,0,0,0,17.1,16,10,9,2,5,0,17,1,0,0,70,94,3.87,1.212,8.3,1.0,2.6,8.8,3.4
Enyel De Los Santos,27,CLE,AL,4,1,0.8,2.66,42,0,4,0,0,0,40.2,27,13,12,2,16,0,35,3,0,1,158,157,3.61,1.057,6.0,0.4,3.5,7.7,2.19
Yerry De Los Santos,25,PIT,NL,0,1,0.0,3.31,15,0,7,0,0,0,16.1,9,7,6,0,10,2,13,1,0,0,68,138,3.72,1.163,5.0,0.0,5.5,7.2,1.3
Jacob deGrom,35,TEX,AL,2,0,1.0,2.67,6,6,0,0,0,0,30.1,19,11,9,2,4,0,45,0,0,1,115,165,1.57,0.758,5.6,0.6,1.2,13.4,11.25
Matt Dermody ,32,BOS,AL,0,1,0.0,6.75,1,1,0,0,0,0,4.0,4,3,3,2,1,0,1,1,0,0,17,75,10.79,1.25,9.0,4.5,2.3,2.3,1.0
Anthony DeSclafani,33,SFG,NL,4,8,0.333,4.72,18,18,0,0,0,0,95.1,97,55,50,14,18,0,77,4,0,3,396,91,4.28,1.206,9.2,1.3,1.7,7.3,4.28
Reid Detmers ,23,LAA,AL,2,7,0.222,4.38,18,18,0,0,0,0,96.2,89,52,47,11,37,2,122,7,0,5,415,102,3.61,1.303,8.3,1.0,3.4,11.4,3.3
Chris Devenski,32,LAA,AL,3,2,0.6,5.08,29,0,4,0,0,0,33.2,31,20,19,5,9,1,33,1,0,1,140,88,4.15,1.188,8.3,1.3,2.4,8.8,3.67
Alexis Díaz,26,CIN,NL,3,1,0.75,2.01,46,0,35,0,0,29,44.2,25,11,10,2,19,0,67,5,0,3,180,236,2.48,0.985,5.0,0.4,3.8,13.5,3.53
Jake Diekman ,36,TOT,AL,0,1,0.0,4.22,39,0,15,0,0,0,32.0,20,21,15,3,26,1,39,1,2,2,141,101,4.6,1.438,5.6,0.8,7.3,11.0,1.5
Jake Diekman ,36,CHW,AL,0,1,0.0,7.94,13,0,5,0,0,0,11.1,11,14,10,1,13,0,11,0,2,2,58,56,5.94,2.118,8.7,0.8,10.3,8.7,0.85
Jake Diekman ,36,TBR,AL,0,0,0.0,2.18,26,0,10,0,0,0,20.2,9,7,5,2,13,1,28,1,0,0,83,191,3.87,1.065,3.9,0.9,5.7,12.2,2.15
Brandon Dixon,31,SDP,NL,0,0,0.0,0.0,1,0,1,0,0,0,1.0,0,0,0,0,0,0,0,0,0,0,3,0,3.29,0.0,0.0,0.0,0.0,0.0,0.0
Dylan Dodd ,25,ATL,NL,2,1,0.667,7.4,5,5,0,0,0,0,24.1,37,20,20,8,8,1,12,1,0,1,114,62,7.69,1.849,13.7,3.0,3.0,4.4,1.5
Seranthony Domínguez,28,PHI,NL,1,2,0.333,4.33,32,0,3,0,0,0,27.0,31,17,13,3,11,0,28,4,0,1,126,100,4.33,1.556,10.3,1.0,3.7,9.3,2.55
Josh Donaldson,37,NYY,AL,0,0,0.0,0.0,1,0,1,0,0,0,1.0,0,0,0,0,0,0,0,0,0,0,3,0,3.29,0.0,0.0,0.0,0.0,0.0,0.0
Camilo Doval,25,SFG,NL,2,3,0.4,2.4,45,0,42,0,0,30,45.0,29,16,12,2,18,3,59,6,2,8,184,180,2.84,1.044,5.8,0.4,3.6,11.8,3.28
Tommy Doyle,27,COL,NL,0,0,0.0,0.0,2,0,0,0,0,0,4.0,1,0,0,0,1,0,2,0,0,0,13,0,3.04,0.5,2.3,0.0,2.3,4.5,2.0
Daniel Duarte,26,CIN,NL,1,0,1.0,2.77,14,0,3,0,0,0,13.0,10,5,4,2,9,0,10,0,0,1,57,175,5.83,1.462,6.9,1.4,6.2,6.9,1.11
Shawn Dubin,27,HOU,AL,0,0,0.0,7.0,3,1,1,0,0,0,9.0,12,7,7,1,3,0,11,1,0,0,42,62,3.62,1.667,12.0,1.0,3.0,11.0,3.67
Matt Duffy,32,KCR,AL,0,0,0.0,0.0,1,0,1,0,0,0,1.0,1,0,0,0,0,0,0,0,0,0,4,0,3.29,1.0,9.0,0.0,0.0,0.0,0.0
Dane Dunning,28,TEX,AL,8,3,0.727,3.18,22,14,2,0,0,0,102.0,92,38,36,9,27,0,64,7,0,4,415,137,4.18,1.167,8.1,0.8,2.4,5.6,2.37
Jhoan Duran,25,MIN,AL,2,4,0.333,2.06,36,0,25,0,0,17,39.1,26,12,9,3,15,5,52,4,0,3,159,211,3.09,1.042,5.9,0.7,3.4,11.9,3.47
Nate Eaton,26,KCR,AL,0,0,0.0,0.0,1,0,1,0,0,0,1.0,2,0,0,0,0,0,1,0,0,0,5,0,1.29,2.0,18.0,0.0,0.0,9.0,0.0
Carl Edwards Jr.,31,WSN,NL,1,3,0.25,3.69,32,0,3,0,0,2,31.2,31,14,13,1,17,2,24,1,0,2,142,114,3.89,1.516,8.8,0.3,4.8,6.8,1.41
Zach Eflin,29,TBR,AL,11,5,0.688,3.36,19,19,0,0,0,0,112.1,95,42,42,11,16,0,113,2,0,0,440,122,3.03,0.988,7.6,0.9,1.3,9.1,7.06
Bryce Elder,24,ATL,NL,7,2,0.778,3.31,19,19,0,0,0,0,108.2,100,43,40,11,35,0,84,6,1,10,452,136,4.19,1.242,8.3,0.9,2.9,7.0,2.4
Mason Englert,23,DET,AL,4,3,0.571,5.46,31,1,7,0,0,0,56.0,67,39,34,12,17,0,41,2,0,2,253,79,5.63,1.5,10.8,1.9,2.7,6.6,2.41
Nathan Eovaldi,33,TEX,AL,11,3,0.786,2.69,19,19,0,2,1,0,123.2,91,38,37,8,34,0,111,4,0,2,479,162,3.26,1.011,6.6,0.6,2.5,8.1,3.26
Lucas Erceg,28,OAK,AL,2,1,0.667,5.28,24,0,2,0,0,0,29.0,29,20,17,0,17,0,43,3,0,4,135,78,2.39,1.586,9.0,0.0,5.3,13.3,2.53
Paolo Espino,36,WSN,NL,0,0,0.0,24.75,3,0,1,0,0,0,4.0,14,11,11,1,3,0,3,0,0,0,28,18,7.29,4.25,31.5,2.3,6.8,6.8,1.0
Carlos Estévez,30,LAA,AL,3,1,0.75,2.08,40,0,33,0,0,22,39.0,30,10,9,4,19,3,47,1,0,0,163,215,3.75,1.256,6.9,0.9,4.4,10.8,2.47
Jeremiah Estrada,24,CHC,NL,0,0,0.0,6.75,12,0,5,0,0,0,10.2,12,8,8,4,12,1,13,0,0,0,56,68,9.1,2.25,10.1,3.4,10.1,11.0,1.08
Alex Faedo,27,DET,AL,1,4,0.2,6.98,6,6,0,0,0,0,29.2,28,24,23,7,4,0,28,0,0,1,122,62,4.87,1.079,8.5,2.1,1.2,8.5,7.0
Pete Fairbanks,29,TBR,AL,0,4,0.0,2.08,24,0,19,0,0,11,21.2,13,6,5,1,9,0,24,1,0,3,87,200,3.06,1.015,5.4,0.4,3.7,10.0,2.67
Bailey Falter ,26,PHI,NL,0,7,0.0,5.13,8,7,0,0,0,0,40.1,50,30,23,7,8,0,28,0,0,0,175,84,4.75,1.438,11.2,1.6,1.8,6.2,3.5
Jeurys Familia,33,OAK,AL,0,1,0.0,6.39,14,0,3,0,0,2,12.2,13,12,9,2,13,0,9,1,0,0,64,65,7.24,2.053,9.2,1.4,9.2,6.4,0.69
Jake Faria,29,BOS,AL,0,0,0.0,22.5,1,0,1,0,0,0,2.0,4,5,5,0,4,0,3,0,0,0,14,24,6.29,4.0,18.0,0.0,18.0,13.5,0.75
Buck Farmer,32,CIN,NL,2,4,0.333,3.91,46,0,7,0,0,2,48.1,37,22,21,8,16,0,42,2,0,0,196,122,4.82,1.097,6.9,1.5,3.0,7.8,2.63
Calvin Faucher,27,TBR,AL,1,1,0.5,4.91,15,4,3,0,0,0,22.0,21,12,12,2,11,0,20,1,0,4,99,85,4.29,1.455,8.6,0.8,4.5,8.2,1.82
Angel Felipe,25,OAK,AL,1,0,1.0,1.42,5,0,2,0,0,0,6.1,2,1,1,0,4,0,6,0,0,0,25,302,3.29,0.947,2.8,0.0,5.7,8.5,1.5
Ryan Feltner,26,COL,NL,2,3,0.4,5.86,8,8,0,0,0,0,35.1,37,24,23,2,25,0,33,1,2,0,165,87,4.36,1.755,9.4,0.5,6.4,8.4,1.32
Caleb Ferguson ,26,LAD,NL,5,3,0.625,2.48,41,1,6,0,0,2,36.1,31,11,10,2,14,0,42,6,0,2,156,180,3.34,1.239,7.7,0.5,3.5,10.4,3.0
Jose Ferrer ,23,WSN,NL,0,0,0.0,5.63,9,0,1,0,0,0,8.0,10,5,5,0,6,1,7,0,0,0,37,77,3.79,2.0,11.3,0.0,6.8,7.9,1.17
Matt Festa,30,SEA,AL,0,0,0.0,4.0,8,0,4,0,0,0,9.0,4,4,4,1,12,0,13,0,0,1,43,107,5.84,1.778,4.0,1.0,12.0,13.0,1.08
Kyle Finnegan,31,WSN,NL,4,3,0.571,3.24,39,0,22,0,0,13,41.2,38,18,15,6,14,1,40,1,0,0,171,129,4.32,1.248,8.2,1.3,3.0,8.6,2.86
Jack Flaherty,27,STL,NL,7,6,0.538,4.39,19,19,0,0,0,0,104.2,108,53,51,9,52,0,102,8,0,6,460,99,4.18,1.529,9.3,0.8,4.5,8.8,1.96
Josh Fleming ,27,TBR,AL,1,0,1.0,4.62,11,3,1,0,0,0,48.2,51,27,25,9,19,2,24,0,0,2,207,89,5.88,1.438,9.4,1.7,3.5,4.4,1.26
Chris Flexen,28,SEA,AL,0,4,0.0,7.71,17,4,9,0,0,0,42.0,59,36,36,11,19,0,29,0,0,2,196,54,6.67,1.857,12.6,2.4,4.1,6.2,1.53
Dylan Floro,32,MIA,NL,3,5,0.375,4.74,42,0,13,0,0,7,38.0,47,24,20,2,11,3,39,1,0,1,166,92,2.87,1.526,11.1,0.5,2.6,9.2,3.55
Jason Foley,27,DET,AL,2,2,0.5,2.13,42,0,9,0,0,4,42.1,36,11,10,0,9,2,37,1,0,1,166,204,2.25,1.063,7.7,0.0,1.9,7.9,4.11
Mike Ford,30,SEA,AL,0,0,0.0,18.0,2,0,2,0,0,0,2.0,5,4,4,2,1,0,0,0,0,0,12,27,17.79,3.0,22.5,9.0,4.5,0.0,0.0
J.P. France,28,HOU,AL,5,3,0.625,3.13,13,13,0,0,0,0,77.2,74,30,27,10,22,0,55,1,0,4,322,134,4.43,1.236,8.6,1.2,2.5,6.4,2.5
Bowden Francis,27,TOR,AL,1,0,1.0,2.63,6,0,2,0,0,0,13.2,11,4,4,3,4,0,12,0,2,0,55,163,5.26,1.098,7.2,2.0,2.6,7.9,3.0
Kyle Freeland ,30,COL,NL,4,10,0.286,4.72,19,19,0,0,0,0,103.0,115,60,54,17,34,0,63,0,0,1,443,107,5.2,1.447,10.0,1.5,3.0,5.5,1.85
Luis Frías,25,ARI,NL,0,0,0.0,9.39,6,0,1,0,0,0,7.2,11,8,8,1,8,0,8,0,0,0,41,47,6.03,2.478,12.9,1.2,9.4,9.4,1.0
Max Fried ,29,ATL,NL,2,1,0.667,2.08,5,5,0,1,1,0,26.0,22,8,6,2,6,0,25,0,0,0,103,220,3.06,1.077,7.6,0.7,2.1,8.7,4.17
David Fry,27,CLE,AL,0,0,0.0,0.0,1,0,1,0,0,0,1.0,0,0,0,0,0,0,0,0,0,0,3,0,3.29,0.0,0.0,0.0,0.0,0.0,0.0
Shintaro Fujinami,29,TOT,AL,5,8,0.385,8.82,36,7,9,0,0,0,51.0,54,51,50,7,32,1,53,5,0,5,240,47,5.17,1.686,9.5,1.2,5.6,9.4,1.66
Shintaro Fujinami,29,OAK,AL,5,8,0.385,8.57,34,7,9,0,0,0,49.1,52,48,47,6,30,1,51,5,0,4,231,48,4.93,1.662,9.5,1.1,5.5,9.3,1.7
Shintaro Fujinami,29,BAL,AL,0,0,0.0,16.2,2,0,0,0,0,0,1.2,2,3,3,1,2,0,2,0,0,1,9,31,12.29,2.4,10.8,5.4,10.8,10.8,1.0
Michael Fulmer,30,CHC,NL,1,5,0.167,4.43,44,1,12,0,0,1,44.2,37,23,22,6,22,0,48,0,0,4,183,101,4.36,1.321,7.5,1.2,4.4,9.7,2.18
Hunter Gaddis,25,CLE,AL,1,1,0.5,5.17,8,6,2,0,0,0,31.1,29,18,18,4,9,0,21,4,0,1,134,81,4.85,1.213,8.3,1.1,2.6,6.0,2.33
Matt Gage ,30,HOU,AL,0,0,0.0,2.7,5,0,2,0,0,0,6.2,6,2,2,1,3,0,8,0,1,0,27,163,4.19,1.35,8.1,1.4,4.1,10.8,2.67
Giovanny Gallegos,31,STL,NL,1,4,0.2,4.05,38,0,13,0,0,8,40.0,35,19,18,7,9,0,39,0,1,2,162,108,4.29,1.1,7.9,1.6,2.0,8.8,4.33
Zac Gallen,27,ARI,NL,11,4,0.733,3.18,21,21,0,0,0,0,130.1,112,51,46,12,26,0,135,1,1,6,519,134,3.04,1.059,7.7,0.8,1.8,9.3,5.19
Deivi García,24,NYY,AL,0,0,0.0,1.59,2,0,1,0,0,1,5.2,4,1,1,1,4,0,3,0,0,0,25,283,6.64,1.412,6.4,1.6,6.4,4.8,0.75
Luis García,36,SDP,NL,1,3,0.25,5.45,37,0,11,0,0,0,34.2,33,24,21,5,16,0,35,4,0,1,156,75,4.88,1.413,8.6,1.3,4.2,9.1,2.19
Luis Garcia,26,HOU,AL,2,2,0.5,4.0,6,6,0,0,0,0,27.0,25,12,12,3,10,0,31,1,1,0,115,106,3.66,1.296,8.3,1.0,3.3,10.3,3.1
Rico Garcia,29,TOT,MLB,0,0,0.0,7.45,8,0,1,0,0,0,9.2,14,8,8,4,5,0,8,0,0,0,48,59,8.56,1.966,13.0,3.7,4.7,7.4,1.6
Rico Garcia,29,WSN,NL,0,0,0.0,0.0,1,0,0,0,0,0,1.0,1,0,0,0,0,0,2,0,0,0,4,0,-0.71,1.0,9.0,0.0,0.0,18.0,0.0
Rico Garcia,29,OAK,AL,0,0,0.0,8.31,7,0,1,0,0,0,8.2,13,8,8,4,5,0,6,0,0,0,44,51,9.64,2.077,13.5,4.2,5.2,6.2,1.2
Robert Garcia ,27,MIA,NL,0,0,0.0,0.0,1,0,0,0,0,0,0.1,1,0,0,0,1,0,0,0,0,0,3,0,12.29,6.0,27.0,0.0,27.0,0.0,0.0
Yimi García,32,TOR,AL,3,3,0.5,4.57,45,0,11,0,0,2,41.1,49,23,21,5,10,1,48,3,0,0,183,92,3.48,1.427,10.7,1.1,2.2,10.5,4.8
Amir Garrett ,31,KCR,AL,0,1,0.0,3.33,27,0,3,0,0,0,24.1,22,11,9,4,20,0,28,0,0,1,112,134,5.59,1.726,8.1,1.5,7.4,10.4,1.4
Braxton Garrett ,25,MIA,NL,5,3,0.625,4.32,20,19,1,0,0,0,100.0,103,49,48,15,16,0,111,6,0,1,416,101,3.68,1.19,9.3,1.4,1.4,10.0,6.94
Reed Garrett,30,BAL,AL,0,0,0.0,10.13,2,0,1,0,0,0,2.2,7,3,3,0,1,0,0,0,0,0,16,47,4.41,3.0,23.6,0.0,3.4,0.0,0.0
Justin Garza,29,BOS,AL,0,2,0.0,7.36,17,1,8,0,0,0,18.1,22,17,15,3,12,1,17,1,1,2,91,64,5.69,1.855,10.8,1.5,5.9,8.3,1.42
Kevin Gausman,32,TOR,AL,7,5,0.583,3.18,20,20,0,0,0,0,121.2,107,48,43,13,29,0,162,2,1,3,493,132,2.78,1.118,7.9,1.0,2.1,12.0,5.59
Domingo Germán,30,NYY,AL,5,6,0.455,4.52,18,18,0,1,1,0,97.2,74,55,49,17,31,0,101,6,0,2,400,94,4.62,1.075,6.8,1.6,2.9,9.3,3.26
Ian Gibaut,29,CIN,NL,8,2,0.8,3.12,46,0,10,0,0,1,49.0,40,20,17,6,19,3,42,4,0,0,202,152,4.57,1.204,7.3,1.1,3.5,7.7,2.21
Kyle Gibson,35,BAL,AL,9,6,0.6,4.76,21,21,0,0,0,0,121.0,124,64,64,10,40,0,98,5,0,7,517,88,3.86,1.355,9.2,0.7,3.0,7.3,2.45
Logan Gilbert,26,SEA,AL,8,5,0.615,3.88,20,20,0,1,1,0,118.1,102,54,51,16,21,0,116,2,0,5,475,106,3.67,1.039,7.8,1.2,1.6,8.8,5.52
Tyler Gilbert ,29,ARI,NL,0,0,0.0,1.8,3,0,0,0,0,0,5.0,2,1,1,0,1,0,3,0,0,1,16,253,2.69,0.6,3.6,0.0,1.8,5.4,3.0
Logan Gillaspie,26,BAL,AL,0,1,0.0,6.0,11,0,3,0,0,0,9.0,14,7,6,2,5,0,8,1,0,1,46,72,6.4,2.111,14.0,2.0,5.0,8.0,1.6
Kevin Ginkel,29,ARI,NL,3,0,1.0,2.39,33,0,13,0,0,2,37.2,26,14,10,2,11,0,34,1,1,4,146,179,3.13,0.982,6.2,0.5,2.6,8.1,3.09
Lucas Giolito,28,CHW,AL,6,6,0.5,3.96,20,20,0,0,0,0,116.0,100,55,51,20,39,0,122,5,0,2,484,110,4.56,1.198,7.8,1.6,3.0,9.5,3.13
Mychal Givens,33,BAL,AL,0,1,0.0,11.25,6,0,0,0,0,0,4.0,4,6,5,0,6,1,2,1,0,1,22,41,7.54,2.5,9.0,0.0,13.5,4.5,0.33
Tyler Glasnow,29,TBR,AL,3,3,0.5,3.62,10,10,0,0,0,0,54.2,47,24,22,8,18,0,80,1,0,6,229,114,3.31,1.189,7.7,1.3,3.0,13.2,4.44
Austin Gomber ,29,COL,NL,8,8,0.5,6.18,20,20,0,0,0,0,102.0,120,72,70,22,30,0,68,2,0,4,445,82,5.7,1.471,10.6,1.9,2.6,6.0,2.27
Tony Gonsolin,29,LAD,NL,5,3,0.625,3.94,15,15,0,0,0,0,77.2,54,38,34,10,30,1,63,6,0,1,320,113,4.73,1.082,6.3,1.2,3.5,7.3,2.1
Marco Gonzales ,31,SEA,AL,4,1,0.8,5.22,10,10,0,0,0,0,50.0,55,32,29,5,18,0,34,0,0,0,215,79,4.31,1.46,9.9,0.9,3.2,6.1,1.89
Chi Chi González,31,MIA,NL,0,0,0.0,3.38,2,0,2,0,0,0,2.2,4,1,1,0,1,0,2,0,0,0,13,145,2.91,1.875,13.5,0.0,3.4,6.8,2.0
Victor González ,27,LAD,NL,2,3,0.4,5.32,25,1,4,0,0,0,23.2,23,14,14,2,7,1,22,3,0,1,100,84,3.8,1.268,8.7,0.8,2.7,8.4,3.14
MacKenzie Gore ,24,WSN,NL,5,7,0.417,4.59,19,19,0,0,0,0,96.0,98,49,49,16,41,0,114,1,0,4,415,91,4.39,1.448,9.2,1.5,3.8,10.7,2.78
Trevor Gott,30,TOT,MLB,0,3,0.0,5.08,37,0,7,0,0,0,33.2,41,26,19,3,10,1,36,2,0,0,154,82,3.38,1.515,11.0,0.8,2.7,9.6,3.6
Trevor Gott,30,SEA,AL,0,3,0.0,4.03,30,0,4,0,0,0,29.0,33,19,13,2,8,1,32,2,0,0,129,103,3.01,1.414,10.2,0.6,2.5,9.9,4.0
Trevor Gott,30,NYM,NL,0,0,0.0,11.57,7,0,3,0,0,0,4.2,8,7,6,1,2,0,4,0,0,0,25,38,5.65,2.143,15.4,1.9,3.9,7.7,2.0
Brusdar Graterol,24,LAD,NL,3,2,0.6,1.74,43,1,11,0,0,4,41.1,40,13,8,2,7,0,29,1,0,2,164,256,3.1,1.137,8.7,0.4,1.5,6.3,4.14
Kendall Graveman,32,CHW,AL,3,4,0.429,3.0,43,0,22,0,0,8,42.0,29,17,14,6,19,0,41,5,0,2,175,146,4.91,1.143,6.2,1.3,4.1,8.8,2.16
Jon Gray,31,TEX,AL,6,5,0.545,3.31,18,18,0,1,0,0,103.1,89,40,38,13,34,1,83,6,0,4,419,132,4.48,1.19,7.8,1.1,3.0,7.2,2.44
Josiah Gray,25,WSN,NL,7,8,0.467,3.45,20,20,0,0,0,0,112.1,111,46,43,15,51,1,98,5,0,7,489,121,4.78,1.442,8.9,1.2,4.1,7.9,1.92
Sonny Gray,33,MIN,AL,4,4,0.5,3.15,20,20,0,0,0,0,111.1,100,39,39,3,44,0,110,2,1,1,471,137,2.9,1.293,8.1,0.2,3.6,8.9,2.5
Hunter Greene,23,CIN,NL,2,4,0.333,3.93,14,14,0,0,0,0,73.1,68,34,32,9,31,0,100,4,0,3,318,121,3.59,1.35,8.3,1.1,3.8,12.3,3.23
Zack Greinke,39,KCR,AL,1,10,0.091,5.4,19,19,0,0,0,0,96.2,111,60,58,18,15,0,65,3,0,2,407,82,4.92,1.303,10.3,1.7,1.4,6.1,4.33
Michael Grove,26,LAD,NL,2,2,0.5,6.4,12,9,0,0,0,0,52.0,63,37,37,9,17,0,47,2,0,2,230,69,4.83,1.538,10.9,1.6,2.9,8.1,2.76
Javy Guerra,27,TOT,MLB,0,0,0.0,6.05,17,2,11,0,0,0,19.1,17,13,13,2,22,3,14,2,0,2,97,72,6.91,2.017,7.9,0.9,10.2,6.5,0.64
Javy Guerra,27,MIL,NL,0,0,0.0,8.64,8,0,6,0,0,0,8.1,10,8,8,1,9,2,5,2,0,2,45,52,7.61,2.28,10.8,1.1,9.7,5.4,0.56
Javy Guerra,27,TBR,AL,0,0,0.0,4.09,9,2,5,0,0,0,11.0,7,5,5,1,13,1,9,0,0,0,52,103,6.38,1.818,5.7,0.8,10.6,7.4,0.69
Luis Guillorme,28,NYM,NL,0,0,0.0,0.0,1,0,1,0,0,0,1.0,1,0,0,0,0,0,0,0,0,0,4,0,3.29,1.0,9.0,0.0,0.0,0.0,0.0
Josh Hader ,29,SDP,NL,0,1,0.0,0.97,39,0,33,0,0,24,37.0,16,6,4,1,19,1,55,2,0,2,147,422,2.37,0.946,3.9,0.2,4.6,13.4,2.89
DL Hall ,24,BAL,AL,0,0,0.0,6.0,1,0,1,0,0,0,3.0,5,2,2,1,1,0,7,0,1,1,15,78,3.96,2.0,15.0,3.0,3.0,21.0,7.0
Ian Hamilton,28,NYY,AL,1,1,0.5,1.78,24,1,5,0,0,1,30.1,25,8,6,2,14,1,36,0,0,1,127,240,3.16,1.286,7.4,0.6,4.2,10.7,2.57
Brad Hand ,33,COL,NL,2,1,0.667,4.83,35,0,9,0,0,0,31.2,32,17,17,3,15,1,37,3,0,3,142,105,3.89,1.484,9.1,0.9,4.3,10.5,2.47
Hobie Harris,30,WSN,NL,0,0,0.0,5.4,15,0,8,0,0,0,18.1,21,12,11,2,12,0,9,1,0,1,87,78,5.85,1.8,10.3,1.0,5.9,4.4,0.75
Hogan Harris ,26,OAK,AL,2,4,0.333,6.11,11,5,0,0,0,0,53.0,51,37,36,6,22,0,46,3,0,0,230,67,4.44,1.377,8.7,1.0,3.7,7.8,2.09
Josh Harrison,35,PHI,NL,0,0,0.0,27.0,2,0,2,0,0,0,1.2,8,5,5,0,2,0,0,0,0,0,15,19,6.89,6.0,43.2,0.0,10.8,0.0,0.0
Grant Hartwig,25,NYM,NL,3,1,0.75,2.87,11,0,2,0,0,0,15.2,13,6,5,0,7,1,12,0,0,1,62,146,3.1,1.277,7.5,0.0,4.0,6.9,1.71
Hunter Harvey,28,WSN,NL,3,4,0.429,3.12,39,0,17,0,0,9,40.1,28,16,14,5,12,1,45,1,1,1,159,134,3.64,0.992,6.2,1.1,2.7,10.0,3.75
Thomas Hatch,28,TOR,AL,0,0,0.0,2.25,5,0,3,0,0,0,4.0,5,2,1,0,4,0,8,0,0,0,22,203,2.29,2.25,11.3,0.0,9.0,18.0,2.0
Brent Headrick ,25,MIN,AL,2,0,1.0,5.4,8,0,3,0,0,1,15.0,12,9,9,2,7,0,18,1,0,0,64,82,4.22,1.267,7.2,1.2,4.2,10.8,2.57
Andrew Heaney ,32,TEX,AL,6,6,0.5,4.58,19,19,0,0,0,0,96.1,90,54,49,18,40,0,100,7,0,1,416,95,5.11,1.349,8.4,1.7,3.7,9.3,2.5
Taylor Hearn ,28,TEX,AL,0,0,0.0,10.29,4,0,2,0,0,0,7.0,9,8,8,1,4,0,7,0,0,0,34,44,4.86,1.857,11.6,1.3,5.1,9.0,1.75
Jonathan Heasley,26,KCR,AL,0,0,0.0,3.12,7,0,3,0,0,0,8.2,7,4,3,0,0,0,6,0,0,0,33,147,1.9,0.808,7.3,0.0,0.0,6.2,0.0
Ben Heller,31,ATL,NL,0,0,0.0,2.77,14,0,3,0,0,0,13.0,8,5,4,1,6,0,13,2,0,2,54,167,4.14,1.077,5.5,0.7,4.2,9.0,2.17
Ryan Helsley,28,STL,NL,3,4,0.429,3.24,22,0,16,0,0,7,25.0,18,10,9,1,11,1,33,1,1,2,103,135,2.61,1.16,6.5,0.4,4.0,11.9,3.0
Heath Hembree,34,TBR,AL,0,0,0.0,0.0,1,0,0,0,0,0,1.1,0,0,0,0,1,0,2,0,0,0,4,0,2.54,0.75,0.0,0.0,6.8,13.5,2.0
Kyle Hendricks,33,CHC,NL,3,4,0.429,3.38,11,11,0,0,0,0,64.0,58,30,24,8,10,0,42,3,0,0,261,133,4.21,1.063,8.2,1.1,1.4,5.9,4.2
Liam Hendriks,34,CHW,AL,2,0,1.0,5.4,5,0,3,0,0,1,5.0,4,3,3,1,1,0,3,0,0,0,20,86,5.29,1.0,7.2,1.8,1.8,5.4,3.0
Tommy Henry ,25,ARI,NL,5,3,0.625,4.01,16,15,0,0,0,0,83.0,80,38,37,12,34,1,58,4,0,1,356,106,5.14,1.373,8.7,1.3,3.7,6.3,1.71
Sam Hentges ,26,CLE,AL,1,2,0.333,6.31,28,0,4,0,0,0,25.2,25,20,18,2,12,0,23,0,0,1,113,66,3.91,1.442,8.8,0.7,4.2,8.1,1.92
Jimmy Herget,29,LAA,AL,1,3,0.25,5.06,16,0,3,0,0,0,16.0,19,9,9,4,5,2,10,2,0,0,71,89,6.6,1.5,10.7,2.3,2.8,5.6,2.0
Kevin Herget,32,CIN,NL,1,2,0.333,5.73,13,0,6,0,0,1,22.0,24,14,14,4,6,1,11,2,1,1,96,84,5.74,1.364,9.8,1.6,2.5,4.5,1.83
Carlos Hernández,26,KCR,AL,0,6,0.0,3.86,42,4,6,0,0,0,49.0,37,22,21,4,13,0,57,0,2,1,196,115,2.82,1.02,6.8,0.7,2.4,10.5,4.38
Jonathan Hernández,26,TEX,AL,1,1,0.5,6.65,25,0,4,0,0,0,21.2,24,16,16,4,11,0,23,3,0,2,101,67,5.5,1.615,10.0,1.7,4.6,9.6,2.09
Jose Hernandez ,25,PIT,NL,0,1,0.0,3.34,28,0,6,0,0,0,29.2,24,12,11,5,7,1,33,1,2,2,120,135,4.06,1.045,7.3,1.5,2.1,10.0,4.71
Yonny Hernández,25,LAD,NL,0,0,0.0,0.0,1,0,1,0,0,0,1.0,1,0,0,0,0,0,0,0,0,0,4,0,3.29,1.0,9.0,0.0,0.0,0.0,0.0
Jose Herrera,26,ARI,NL,0,0,0.0,18.0,1,0,1,0,0,0,1.0,4,2,2,0,0,0,0,0,0,0,7,32,3.29,4.0,36.0,0.0,0.0,0.0,0.0
Tim Herrin ,26,CLE,AL,1,0,1.0,5.01,19,0,6,0,0,0,23.1,23,13,13,3,10,0,26,2,0,2,101,84,4.27,1.414,8.9,1.2,3.9,10.0,2.6
Jordan Hicks,26,STL,NL,1,6,0.143,3.76,39,0,15,0,0,8,40.2,38,21,17,2,23,0,58,3,0,7,184,116,2.99,1.5,8.4,0.4,5.1,12.8,2.52
Garrett Hill,27,DET,AL,0,0,0.0,9.88,8,0,2,0,0,1,13.2,17,19,15,3,13,0,14,1,0,1,72,45,7.17,2.195,11.2,2.0,8.6,9.2,1.08
Rich Hill ,43,PIT,NL,7,9,0.438,4.84,20,20,0,0,0,0,109.2,117,66,59,13,42,0,94,3,1,1,486,92,4.35,1.45,9.6,1.1,3.4,7.7,2.24
Tim Hill ,33,SDP,NL,1,4,0.2,3.89,43,0,7,0,0,0,41.2,46,26,18,6,11,0,25,6,0,0,179,106,5.19,1.368,9.9,1.3,2.4,5.4,2.27
Sean Hjelle,26,SFG,NL,2,1,0.667,7.79,11,0,3,0,0,0,17.1,24,19,15,1,12,1,21,2,0,5,89,56,4.04,2.077,12.5,0.5,6.2,10.9,1.75
Bryan Hoeing,26,MIA,NL,1,2,0.333,4.57,23,6,7,0,0,0,45.1,43,24,23,7,18,2,35,1,0,0,192,96,5.01,1.346,8.5,1.4,3.6,6.9,1.94
Jeff Hoffman,30,PHI,NL,3,2,0.6,2.81,22,0,6,0,0,1,25.2,16,9,8,2,9,1,34,1,0,2,102,155,2.82,0.974,5.6,0.7,3.2,11.9,3.78
Colin Holderman,27,PIT,NL,0,2,0.0,4.06,33,0,3,0,0,1,31.0,36,15,14,4,10,2,30,0,0,1,137,111,4.0,1.484,10.5,1.2,2.9,8.7,3.0
Gavin Hollowell,25,COL,NL,1,0,1.0,4.26,9,0,3,0,0,0,12.2,13,7,6,1,6,1,12,1,0,0,58,121,4.08,1.5,9.2,0.7,4.3,8.5,2.0
Clay Holmes,30,NYY,AL,4,2,0.667,2.27,42,0,20,0,0,13,39.2,30,10,10,1,16,0,49,2,1,5,164,188,2.51,1.16,6.8,0.2,3.6,11.1,3.06
Tyler Holton ,27,DET,AL,0,1,0.0,1.74,33,1,6,0,0,0,51.2,34,11,10,4,15,1,44,1,0,4,200,249,3.52,0.948,5.9,0.7,2.6,7.7,2.93
Brent Honeywell Jr.,28,SDP,NL,2,4,0.333,3.83,35,0,10,0,0,0,44.2,41,20,19,8,20,0,41,4,1,3,195,107,5.39,1.366,8.3,1.6,4.0,8.3,2.05
Tanner Houck,27,BOS,AL,3,6,0.333,5.05,13,13,0,0,0,0,67.2,62,39,38,9,23,0,64,2,0,0,285,92,4.23,1.256,8.2,1.2,3.1,8.5,2.78
Adrian Houser,30,MIL,NL,3,2,0.6,3.86,13,11,1,0,0,0,63.0,74,29,27,7,21,0,49,1,0,2,277,113,4.23,1.508,10.6,1.0,3.0,7.0,2.33
Spencer Howard,26,TEX,AL,0,0,0.0,108.0,1,0,0,0,0,0,0.1,4,4,4,1,1,0,0,1,0,0,7,8,60.29,15.0,108.0,27.0,27.0,0.0,0.0
Bryan Hudson ,26,LAD,NL,0,0,0.0,9.82,2,0,1,0,0,0,3.2,6,4,4,0,2,0,3,0,0,0,19,49,3.29,2.182,14.7,0.0,4.9,7.4,1.5
Dakota Hudson,28,STL,NL,1,0,1.0,2.4,6,1,1,0,0,0,15.0,15,5,4,1,5,0,10,1,0,3,65,185,4.02,1.333,9.0,0.6,3.0,6.0,2.0
Daniel Hudson,36,LAD,NL,0,0,0.0,0.0,3,0,1,0,0,1,3.0,2,0,0,0,3,0,5,0,0,0,14,0,2.96,1.667,6.0,0.0,9.0,15.0,1.67
Brandon Hughes ,27,CHC,NL,0,3,0.0,7.24,17,0,2,0,0,0,13.2,14,11,11,2,8,1,17,1,0,0,63,63,4.68,1.61,9.2,1.3,5.3,11.2,2.13
Tommy Hunter,36,NYM,NL,0,1,0.0,6.85,14,0,6,0,0,0,23.2,28,20,18,6,5,0,20,2,0,0,106,61,5.78,1.394,10.6,2.3,1.9,7.6,4.0
Raisel Iglesias,33,ATL,NL,3,4,0.429,4.08,31,0,26,0,0,17,28.2,29,16,13,4,9,2,34,0,0,0,123,112,3.67,1.326,9.1,1.3,2.8,10.7,3.78
Kolton Ingram ,26,LAA,AL,0,0,0.0,15.43,2,0,0,0,0,0,2.1,5,4,4,1,2,0,3,0,0,0,14,33,8.86,3.0,19.3,3.9,7.7,11.6,1.5
Cole Irvin ,29,BAL,AL,1,3,0.25,5.4,11,8,1,0,0,0,41.2,47,25,25,5,16,0,36,3,0,2,191,78,4.49,1.512,10.2,1.1,3.5,7.8,2.25
Jake Irvin,26,WSN,NL,3,5,0.375,4.87,14,14,0,0,0,0,68.1,68,41,37,10,30,0,53,6,0,2,301,86,5.22,1.434,9.0,1.3,4.0,7.0,1.77
Andre Jackson,27,LAD,NL,0,0,0.0,6.62,7,0,5,0,0,2,17.2,22,13,13,5,3,0,16,0,0,0,79,68,5.67,1.415,11.2,2.5,1.5,8.2,5.33
Jay Jackson,35,TOR,AL,2,0,1.0,0.75,9,0,3,0,0,0,12.0,4,1,1,1,2,0,11,0,0,0,42,574,3.04,0.5,3.0,0.8,1.5,8.3,5.5
Luke Jackson,31,SFG,NL,1,0,1.0,1.93,10,0,2,0,0,0,9.1,6,2,2,0,2,0,11,0,0,0,36,231,1.57,0.857,5.8,0.0,1.9,10.6,5.5
Zach Jackson,28,OAK,AL,2,1,0.667,2.5,19,0,6,0,0,1,18.0,18,7,5,1,10,0,23,0,0,5,80,165,3.12,1.556,9.0,0.5,5.0,11.5,2.3
Alek Jacob,25,SDP,NL,0,0,0.0,0.0,3,0,2,0,0,0,3.0,0,0,0,0,1,0,5,0,0,0,10,0,0.96,0.333,0.0,0.0,3.0,15.0,5.0
Joe Jacques ,28,BOS,AL,1,1,0.5,5.4,12,1,3,0,0,1,15.0,21,11,9,2,2,0,12,0,0,1,64,88,3.82,1.533,12.6,1.2,1.2,7.2,6.0
Drey Jameson,25,ARI,NL,3,1,0.75,3.32,15,3,3,0,0,1,40.2,40,15,15,6,18,0,37,1,0,0,174,129,4.79,1.426,8.9,1.3,4.0,8.2,2.06
Kenley Jansen,35,BOS,AL,2,4,0.333,3.06,35,0,29,0,0,21,32.1,30,12,11,2,14,1,38,0,1,1,138,153,3.04,1.361,8.4,0.6,3.9,10.6,2.71
Cristian Javier,26,HOU,AL,7,2,0.778,4.32,19,19,0,0,0,0,102.0,91,50,49,14,33,0,94,3,0,3,424,97,4.29,1.216,8.0,1.2,2.9,8.3,2.85
Griffin Jax,28,MIN,AL,5,6,0.455,2.9,43,0,8,0,0,1,40.1,31,15,13,1,11,1,40,0,0,1,162,150,2.45,1.041,6.9,0.2,2.5,8.9,3.64
Dany Jiménez,29,OAK,AL,0,0,0.0,5.4,7,0,3,0,0,1,6.2,4,4,4,2,6,1,4,0,0,0,30,79,8.69,1.5,5.4,2.7,8.1,5.4,0.67
Joe Jiménez,28,ATL,NL,0,3,0.0,2.86,35,0,13,0,0,0,34.2,30,14,11,4,10,0,41,1,0,0,147,159,3.38,1.154,7.8,1.0,2.6,10.6,4.1
Pierce Johnson,32,COL,NL,1,4,0.2,6.05,42,0,25,0,0,13,38.2,46,27,26,7,23,0,57,0,0,3,184,84,4.48,1.784,10.7,1.6,5.4,13.3,2.48
Ben Joyce,22,LAA,AL,1,0,1.0,4.5,5,0,0,0,0,0,4.0,5,2,2,1,4,0,5,0,0,0,21,107,7.04,2.25,11.3,2.3,9.0,11.3,1.25
Jakob Junis,30,SFG,NL,3,3,0.5,4.73,25,0,3,0,0,1,53.1,62,29,28,11,16,1,63,3,0,0,233,91,4.68,1.463,10.5,1.9,2.7,10.6,3.94
Janson Junk,27,MIL,NL,0,1,0.0,7.71,1,1,0,0,0,0,4.2,7,5,4,1,2,0,2,0,0,0,24,60,6.5,1.929,13.5,1.9,3.9,3.9,1.0
Tommy Kahnle,33,NYY,AL,1,0,1.0,2.25,21,0,4,0,0,1,20.0,13,6,5,1,8,0,21,1,0,1,80,191,3.19,1.05,5.9,0.5,3.6,9.5,2.63
James Kaprielian,29,OAK,AL,2,6,0.25,6.34,14,11,0,0,0,0,61.0,66,45,43,9,31,1,57,5,0,3,280,64,5.11,1.59,9.7,1.3,4.6,8.4,1.84
Ricky Karcher,25,CIN,NL,0,0,0.0,0.0,1,0,1,0,0,1,1.0,0,0,0,0,1,0,0,0,0,0,4,0,6.29,1.0,0.0,0.0,9.0,0.0,0.0
James Karinchak,27,CLE,AL,2,4,0.333,3.9,32,0,3,0,0,0,27.2,15,12,12,6,19,1,38,2,0,1,118,107,5.64,1.229,4.9,2.0,6.2,12.4,2.0
Karl Kauffmann,25,COL,NL,0,3,0.0,10.19,5,3,1,0,0,0,17.2,26,21,20,3,10,0,8,2,0,0,84,50,6.63,2.038,13.2,1.5,5.1,4.1,0.8
Anthony Kay ,28,CHC,NL,0,0,0.0,1.13,10,0,3,0,0,0,8.0,5,1,1,0,5,0,6,1,0,1,34,413,4.04,1.25,5.6,0.0,5.6,6.8,1.2
Brad Keller,27,KCR,AL,3,4,0.429,4.36,9,9,0,0,0,0,43.1,41,23,21,3,40,0,31,3,0,7,201,102,5.74,1.869,8.5,0.6,8.3,6.4,0.78
Mitch Keller,27,PIT,NL,9,5,0.643,3.73,20,20,0,1,1,0,123.0,107,56,51,13,36,0,130,7,1,4,514,120,3.6,1.163,7.8,1.0,2.6,9.5,3.61
Trevor Kelley,30,TBR,AL,0,1,0.0,4.05,9,3,2,0,0,0,13.1,12,6,6,3,4,1,8,2,1,1,57,104,6.36,1.2,8.1,2.0,2.7,5.4,2.0
Carson Kelly,28,ARI,NL,0,0,0.0,0.0,1,0,1,0,0,0,1.0,1,0,0,0,1,0,0,0,0,0,5,0,6.29,2.0,9.0,0.0,9.0,0.0,0.0
Joe Kelly,35,CHW,AL,1,4,0.2,4.82,29,0,4,0,0,1,28.0,25,18,15,3,10,0,37,1,2,3,120,91,3.22,1.25,8.0,1.0,3.2,11.9,3.7
Kevin Kelly,25,TBR,AL,4,1,0.8,3.09,38,0,4,0,0,1,43.2,34,15,15,1,11,1,35,7,0,0,179,134,3.22,1.031,7.0,0.2,2.3,7.2,3.18
Merrill Kelly,34,ARI,NL,9,4,0.692,3.22,16,16,0,0,0,0,95.0,71,40,34,10,37,0,98,3,2,3,381,132,3.86,1.137,6.7,0.9,3.5,9.3,2.65
Michael Kelly,30,CLE,AL,1,0,1.0,0.0,3,0,1,0,0,0,3.2,2,0,0,0,0,0,6,0,0,0,13,0,0.02,0.545,4.9,0.0,0.0,14.7,0.0
Zack Kelly,28,BOS,AL,0,0,0.0,3.68,6,0,1,0,0,0,7.1,6,3,3,0,6,0,6,2,0,1,34,132,4.93,1.636,7.4,0.0,7.4,7.4,1.0
Brett Kennedy,28,CIN,NL,1,0,1.0,7.2,1,1,0,0,0,0,5.0,5,4,4,0,2,0,3,0,0,0,22,70,3.29,1.4,9.0,0.0,3.6,5.4,1.5
Ian Kennedy,38,TEX,AL,0,1,0.0,7.2,11,0,5,0,0,0,10.0,11,10,8,1,3,0,13,1,0,0,46,63,3.19,1.4,9.9,0.9,2.7,11.7,4.33
Ray Kerr ,28,SDP,NL,0,1,0.0,5.63,8,0,5,0,0,0,8.0,8,7,5,3,1,1,7,0,0,1,33,76,6.79,1.125,9.0,3.4,1.1,7.9,7.0
Clayton Kershaw ,35,LAD,NL,10,4,0.714,2.55,16,16,0,0,0,0,95.1,76,30,27,12,24,0,105,2,2,3,379,174,3.54,1.049,7.2,1.1,2.3,9.9,4.38
Yusei Kikuchi ,32,TOR,AL,7,3,0.7,3.92,20,20,0,0,0,0,103.1,100,47,45,22,31,0,108,3,0,6,433,107,4.95,1.268,8.7,1.9,2.7,9.4,3.48
Caleb Kilian,26,CHC,NL,0,1,0.0,18.9,1,1,0,0,0,0,3.1,10,7,7,0,2,0,4,2,0,1,23,26,4.49,3.6,27.0,0.0,5.4,10.8,2.0
Craig Kimbrel,35,PHI,NL,5,1,0.833,3.15,42,0,29,0,0,16,40.0,22,14,14,5,16,1,60,2,1,2,157,137,3.26,0.95,5.0,1.1,3.6,13.5,3.75
Isiah Kiner-Falefa,28,NYY,AL,0,0,0.0,2.25,4,0,4,0,0,0,4.0,4,1,1,0,0,0,1,0,0,0,16,205,2.79,1.0,9.0,0.0,0.0,2.3,0.0
John King ,28,TEX,AL,1,1,0.5,5.79,15,0,8,0,0,0,18.2,26,12,12,1,4,0,10,0,0,0,81,77,3.56,1.607,12.5,0.5,1.9,4.8,2.5
Michael King,28,NYY,AL,2,4,0.333,3.29,32,0,10,0,0,6,52.0,42,20,19,5,19,0,58,5,0,0,220,129,3.69,1.173,7.3,0.9,3.3,10.0,3.05
George Kirby,25,SEA,AL,9,8,0.529,3.23,19,19,0,1,0,0,119.2,114,45,43,13,11,0,103,3,0,1,475,127,3.33,1.045,8.6,1.0,0.8,7.7,9.36
Corey Kluber,37,BOS,AL,3,6,0.333,7.04,15,9,1,0,0,1,55.0,69,47,43,17,21,0,42,4,0,1,257,66,7.14,1.636,11.3,2.8,3.4,6.9,2.0
Reiss Knehr,26,SDP,NL,0,1,0.0,15.88,4,1,3,0,0,0,5.2,10,10,10,3,5,0,4,0,0,0,32,27,11.41,2.647,15.9,4.8,7.9,6.4,0.8
Matt Koch,32,COL,NL,0,0,0.0,0.0,10,0,3,0,0,0,11.2,3,0,0,0,0,0,5,0,0,0,37,0,2.43,0.257,2.3,0.0,0.0,3.9,0.0
Adam Kolarek ,34,LAD,NL,0,0,0.0,0.0,1,0,0,0,0,0,1.1,1,0,0,0,0,0,2,0,0,0,5,0,0.29,0.75,6.8,0.0,0.0,13.5,0.0
Michael Kopech,27,CHW,AL,4,8,0.333,4.29,18,18,0,0,0,0,92.1,71,44,44,19,57,0,102,9,0,5,403,102,5.9,1.386,6.9,1.9,5.6,9.9,1.79
Jackson Kowar,26,KCR,AL,0,0,0.0,6.17,8,0,3,0,0,0,11.2,15,12,8,1,7,0,14,1,0,2,59,73,4.06,1.886,11.6,0.8,5.4,10.8,2.0
Dean Kremer,27,BAL,AL,10,4,0.714,4.8,20,20,0,0,0,0,108.2,115,61,58,22,31,0,101,5,0,2,463,87,5.06,1.344,9.5,1.8,2.6,8.4,3.26
Brooks Kriske,29,KCR,AL,0,0,0.0,4.05,4,0,2,0,0,0,6.2,3,3,3,2,4,0,6,0,0,0,25,114,7.19,1.05,4.1,2.7,5.4,8.1,1.5
Matt Krook ,28,NYY,AL,0,0,0.0,21.0,2,0,0,0,0,0,3.0,6,7,7,1,4,0,1,0,0,1,20,23,10.96,3.333,18.0,3.0,12.0,3.0,0.25
Chad Kuhl,30,WSN,NL,0,4,0.0,8.45,16,5,5,0,0,1,38.1,47,38,36,8,28,2,31,3,0,4,187,50,6.81,1.957,11.0,1.9,6.6,7.3,1.11
Joel Kuhnel,28,TOT,MLB,0,0,0.0,11.81,4,0,1,0,0,0,5.1,11,7,7,1,3,1,1,0,0,0,29,43,7.04,2.625,18.6,1.7,5.1,1.7,0.33
Joel Kuhnel,28,CIN,NL,0,0,0.0,8.1,2,0,1,0,0,0,3.1,6,3,3,0,2,0,0,0,0,0,17,64,5.09,2.4,16.2,0.0,5.4,0.0,0.0
Joel Kuhnel,28,HOU,AL,0,0,0.0,18.0,2,0,0,0,0,0,2.0,5,4,4,1,1,1,1,0,0,0,12,27,10.29,3.0,22.5,4.5,4.5,4.5,1.0
Joe La Sorsa ,25,TOT,MLB,0,0,0.0,7.84,10,0,3,0,0,0,10.1,15,9,9,0,5,0,8,3,1,0,54,56,4.06,1.935,13.1,0.0,4.4,7.0,1.6
Joe La Sorsa ,25,TBR,AL,0,0,0.0,2.08,2,0,1,0,0,0,4.1,3,1,1,0,3,0,3,1,0,0,20,214,4.67,1.385,6.2,0.0,6.2,6.2,1.0
Joe La Sorsa ,25,WSN,NL,0,0,0.0,12.0,8,0,2,0,0,0,6.0,12,8,8,0,2,0,5,2,1,0,34,37,3.62,2.333,18.0,0.0,3.0,7.5,2.5
Jake Lamb,32,LAA,AL,0,0,0.0,0.0,1,0,1,0,0,0,1.0,1,0,0,0,0,0,0,0,0,0,4,0,3.29,1.0,9.0,0.0,0.0,0.0,0.0
Jimmy Lambert,28,CHW,AL,2,1,0.667,6.29,25,1,8,0,0,0,24.1,29,20,17,7,14,1,28,1,0,0,116,70,6.58,1.767,10.7,2.6,5.2,10.4,2.0
Peter Lambert,26,COL,NL,2,1,0.667,5.49,16,2,1,0,0,0,39.1,44,25,24,9,16,0,39,1,0,0,172,92,5.58,1.525,10.1,2.1,3.7,8.9,2.44
Dinelson Lamet,30,COL,NL,1,4,0.2,11.57,16,4,1,0,0,0,25.2,38,35,33,6,22,0,31,1,1,4,134,44,6.6,2.338,13.3,2.1,7.7,10.9,1.41
Alex Lange,27,DET,AL,5,2,0.714,4.08,40,0,27,0,0,16,39.2,25,19,18,3,26,1,51,4,0,1,173,106,3.97,1.286,5.7,0.7,5.9,11.6,1.96
Eric Lauer ,28,MIL,NL,4,5,0.444,5.48,9,8,1,0,0,0,42.2,45,31,26,13,20,0,41,0,0,0,187,80,6.73,1.523,9.5,2.7,4.2,8.6,2.05
Derek Law,32,CIN,NL,3,4,0.429,3.86,28,2,4,0,0,1,28.0,30,14,12,4,15,0,25,0,0,1,125,124,4.97,1.607,9.6,1.3,4.8,8.0,1.67
Justin Lawrence,28,COL,NL,3,3,0.5,2.52,42,0,20,0,0,7,50.0,31,17,14,1,23,3,51,1,0,2,201,201,2.95,1.08,5.6,0.2,4.1,9.2,2.22
Kyle Leahy,26,STL,NL,0,1,0.0,21.6,3,0,0,0,0,0,1.2,4,4,4,1,5,0,2,1,0,0,15,24,19.49,5.4,21.6,5.4,27.0,10.8,0.4
José Leclerc,29,TEX,AL,0,1,0.0,3.07,30,0,16,0,0,1,29.1,23,12,10,3,17,1,31,0,0,2,124,143,4.24,1.364,7.1,0.9,5.2,9.5,1.82
Dylan Lee ,28,ATL,NL,1,0,1.0,3.1,20,1,2,0,0,0,20.1,18,9,7,2,7,0,23,0,0,0,85,148,3.34,1.23,8.0,0.9,3.1,10.2,3.29
Casey Legumina,26,CIN,NL,1,0,1.0,6.17,10,0,2,0,0,0,11.2,15,11,8,3,8,0,11,0,0,1,56,79,6.8,1.971,11.6,2.3,6.2,8.5,1.38
Mark Leiter Jr.,32,CHC,NL,1,2,0.333,3.29,41,0,9,0,0,3,41.0,27,17,15,4,14,0,53,5,1,1,168,137,3.36,1.0,5.9,0.9,3.1,11.6,3.79
Sandy León,34,TEX,AL,0,0,0.0,18.0,1,0,1,0,0,0,1.0,1,2,2,1,0,0,0,1,0,0,5,33,19.29,1.0,9.0,9.0,0.0,0.0,0.0
Dominic Leone,31,NYM,NL,1,3,0.25,4.5,28,0,6,0,0,0,28.0,25,14,14,6,9,2,31,1,0,2,116,93,4.93,1.214,8.0,1.9,2.9,10.0,3.44
Josh Lester,28,BAL,AL,0,0,0.0,0.0,1,0,1,0,0,0,1.0,1,0,0,0,1,0,1,0,0,0,5,0,4.29,2.0,9.0,0.0,9.0,9.0,1.0
Matthew Liberatore ,23,STL,NL,1,3,0.25,6.75,9,8,0,0,0,0,32.0,43,29,24,2,16,0,22,5,0,2,158,65,4.7,1.844,12.1,0.6,4.5,6.2,1.38
Jeff Lindgren,26,MIA,NL,0,0,0.0,5.14,3,0,1,0,0,0,7.0,4,4,4,0,4,0,1,0,0,0,28,88,4.72,1.143,5.1,0.0,5.1,1.3,0.25
Zack Littell,27,TOT,AL,0,2,0.0,5.56,15,3,6,0,0,0,22.2,30,14,14,4,5,1,23,0,0,1,102,77,4.22,1.544,11.9,1.6,2.0,9.1,4.6
Zack Littell,27,BOS,AL,0,0,0.0,9.0,2,0,2,0,0,0,3.0,3,3,3,0,3,1,2,0,0,0,15,57,4.96,2.0,9.0,0.0,9.0,6.0,0.67
Zack Littell,27,TBR,AL,0,2,0.0,5.03,13,3,4,0,0,0,19.2,27,11,11,4,2,0,21,0,0,1,87,83,4.1,1.475,12.4,1.8,0.9,9.6,10.5
Ben Lively,31,CIN,NL,4,5,0.444,3.88,12,10,0,0,0,0,60.1,56,26,26,12,17,0,59,2,0,0,253,122,4.86,1.21,8.4,1.8,2.5,8.8,3.47
Mauricio Llovera,27,SFG,NL,1,0,1.0,1.69,5,0,3,0,0,0,5.1,4,1,1,1,2,0,5,0,0,1,21,271,4.98,1.125,6.8,1.7,3.4,8.4,2.5
Jonathan Loáisiga,28,NYY,AL,0,0,0.0,2.7,3,0,0,0,0,0,3.1,2,1,1,1,0,0,1,1,0,0,13,173,7.49,0.6,5.4,2.7,0.0,2.7,0.0
Nick Lodolo ,25,CIN,NL,2,1,0.667,6.29,7,7,0,0,0,0,34.1,50,24,24,10,10,1,47,7,0,2,166,76,5.82,1.748,13.1,2.6,2.6,12.3,4.7
Zach Logue ,27,DET,AL,0,0,0.0,7.71,2,0,1,0,0,0,7.0,7,6,6,1,2,0,5,0,0,0,31,59,4.57,1.286,9.0,1.3,2.6,6.4,2.5
Sam Long ,27,OAK,AL,0,1,0.0,4.0,30,1,12,0,0,2,36.0,32,16,16,3,14,1,26,1,0,1,150,102,4.18,1.278,8.0,0.8,3.5,6.5,1.86
Jorge López,30,MIN,AL,3,2,0.6,5.4,35,0,11,0,0,3,33.1,33,22,20,7,11,3,27,8,0,2,149,81,6.11,1.32,8.9,1.9,3.0,7.3,2.45
José Lopez ,24,TBR,AL,0,0,0.0,4.5,1,0,0,0,0,0,2.0,3,1,1,0,1,0,2,0,0,0,10,108,2.79,2.0,13.5,0.0,4.5,9.0,2.0
Pablo López,27,MIN,AL,5,6,0.455,4.22,20,20,0,1,1,0,121.2,105,58,57,15,35,1,152,6,0,4,503,102,3.4,1.151,7.8,1.1,2.6,11.2,4.34
Reynaldo López,29,CHW,AL,2,5,0.286,4.5,42,0,13,0,0,4,40.0,33,21,20,7,22,1,50,0,1,2,172,97,4.71,1.375,7.4,1.6,5.0,11.3,2.27
Michael Lorenzen,31,DET,AL,5,6,0.455,3.49,17,17,0,0,0,0,100.2,84,41,39,11,26,0,76,2,1,3,398,124,4.03,1.093,7.5,1.0,2.3,6.8,2.92
Aaron Loup ,35,LAA,AL,1,2,0.333,4.88,31,0,13,0,0,0,27.2,32,18,15,2,11,3,26,2,1,0,128,92,3.76,1.554,10.4,0.7,3.6,8.5,2.36
Richard Lovelady ,27,OAK,AL,0,3,0.0,4.63,27,0,3,0,0,0,23.1,15,13,12,3,10,0,24,3,0,0,96,89,4.57,1.071,5.8,1.2,3.9,9.3,2.4
Joey Lucchesi ,30,NYM,NL,1,0,1.0,4.43,5,5,0,0,0,0,22.1,22,11,11,4,8,0,17,0,0,0,93,94,5.17,1.343,8.9,1.6,3.2,6.9,2.13
Lucas Luetge ,36,ATL,NL,1,0,1.0,8.49,11,0,4,0,0,0,11.2,17,11,11,2,7,0,11,1,0,2,59,55,5.69,2.057,13.1,1.5,5.4,8.5,1.57
Seth Lugo,33,SDP,NL,4,4,0.5,3.72,14,14,0,0,0,0,75.0,79,33,31,9,16,0,71,2,0,2,314,110,3.68,1.267,9.5,1.1,1.9,8.5,4.44
Jesús Luzardo ,25,MIA,NL,8,5,0.615,3.34,20,20,0,0,0,0,113.1,102,45,42,12,30,1,131,5,0,2,463,130,3.28,1.165,8.1,1.0,2.4,10.4,4.37
Jordan Lyles,32,KCR,AL,1,11,0.083,6.05,18,18,0,1,0,0,102.2,98,74,69,20,31,0,73,1,0,6,434,73,5.33,1.256,8.6,1.8,2.7,6.4,2.35
Daniel Lynch IV ,26,KCR,AL,3,4,0.429,4.64,9,9,0,0,0,0,52.1,50,29,27,9,16,0,34,1,1,1,223,95,5.2,1.261,8.6,1.5,2.8,5.8,2.13
Lance Lynn,36,CHW,AL,6,9,0.4,6.18,20,20,0,0,0,0,115.0,123,87,79,28,43,1,139,5,0,3,510,71,5.29,1.443,9.6,2.2,3.4,10.9,3.23
Andrés Machado,30,WSN,NL,0,0,0.0,8.47,14,0,2,0,0,0,17.0,25,16,16,6,5,0,12,0,1,1,78,50,7.35,1.765,13.2,3.2,2.6,6.4,2.4
Bligh Madris,27,HOU,AL,0,0,0.0,9.0,1,0,1,0,0,0,1.0,1,1,1,1,1,0,0,0,0,0,4,63,19.29,2.0,9.0,9.0,9.0,0.0,0.0
Kenta Maeda,35,MIN,AL,2,5,0.286,5.1,9,9,0,0,0,0,42.1,41,25,24,5,12,0,50,0,0,2,175,85,3.31,1.252,8.7,1.1,2.6,10.6,4.17
Tyler Mahle,28,MIN,AL,1,2,0.333,3.16,5,5,0,0,0,0,25.2,22,11,9,5,5,0,28,0,0,0,102,138,4.22,1.052,7.7,1.8,1.8,9.8,5.6
Luke Maile,32,CIN,NL,0,0,0.0,4.5,2,0,2,0,0,0,2.0,4,1,1,0,0,0,0,0,0,0,10,122,3.29,2.0,18.0,0.0,0.0,0.0,0.0
Sean Manaea ,31,SFG,NL,3,3,0.5,5.86,23,6,1,0,0,0,66.0,66,51,43,8,27,0,80,7,0,2,295,73,3.99,1.409,9.0,1.1,3.7,10.9,2.96
Matt Manning,25,DET,AL,3,1,0.75,3.19,7,7,0,0,0,0,36.2,25,14,13,4,12,0,25,4,0,0,146,136,4.65,1.009,6.1,1.0,2.9,6.1,2.08
Alek Manoah,25,TOR,AL,2,8,0.2,6.18,15,15,0,0,0,0,67.0,76,50,46,12,47,0,56,5,3,3,323,68,6.27,1.836,10.2,1.6,6.3,7.5,1.19
Joe Mantiply ,32,ARI,NL,1,0,1.0,5.74,13,0,5,0,0,0,15.2,16,10,10,3,1,0,14,0,0,0,62,76,4.18,1.085,9.2,1.7,0.6,8.0,14.0
Ron Marinaccio,27,NYY,AL,4,5,0.444,3.61,41,0,7,0,0,2,42.1,31,20,17,4,24,0,48,5,0,2,181,118,4.3,1.299,6.6,0.9,5.1,10.2,2.0
Germán Márquez,28,COL,NL,2,2,0.5,4.95,4,4,0,0,0,0,20.0,19,11,11,4,3,0,17,0,1,0,80,103,4.64,1.1,8.6,1.8,1.4,7.7,5.67
Alec Marsh,25,KCR,AL,0,4,0.0,6.2,4,4,0,0,0,0,20.1,19,15,14,8,10,0,24,3,0,1,91,72,7.96,1.426,8.4,3.5,4.4,10.6,2.4
Yunior Marte,28,PHI,NL,0,1,0.0,5.54,28,0,6,0,0,1,26.0,31,21,16,4,10,0,25,1,0,0,119,78,4.64,1.577,10.7,1.4,3.5,8.7,2.5
Chris Martin,37,BOS,AL,3,1,0.75,1.47,32,0,8,0,0,1,30.2,27,5,5,1,4,1,27,0,0,1,120,320,2.34,1.011,7.9,0.3,1.2,7.9,6.75
Adrián Martinez,26,OAK,AL,0,0,0.0,5.7,11,0,5,0,0,0,23.2,25,15,15,3,8,0,20,1,0,1,102,72,4.39,1.394,9.5,1.1,3.0,7.6,2.5
Justin Martinez,21,ARI,NL,0,0,0.0,18.9,4,0,2,0,0,0,3.1,8,7,7,1,5,1,4,1,0,0,25,25,10.19,3.9,21.6,2.7,13.5,10.8,0.8
Nick Martinez,32,SDP,NL,4,3,0.571,3.95,41,4,5,0,0,1,70.2,65,33,31,10,25,1,60,1,0,2,295,104,4.53,1.274,8.3,1.3,3.2,7.6,2.4
Seth Martinez,28,HOU,AL,2,3,0.4,3.96,31,0,7,0,0,1,38.2,37,21,17,3,17,2,43,6,0,0,172,107,3.86,1.397,8.6,0.7,4.0,10.0,2.53
Miles Mastrobuoni,27,CHC,NL,0,0,0.0,108.0,1,0,1,0,0,0,0.1,4,4,4,1,0,0,0,0,0,0,5,8,42.29,12.0,108.0,27.0,0.0,0.0,0.0
Phil Maton,30,HOU,AL,2,3,0.4,2.44,47,0,5,0,0,1,48.0,32,17,13,3,16,2,52,7,0,1,193,173,3.37,1.0,6.0,0.6,3.0,9.8,3.25
Steven Matz ,32,STL,NL,1,7,0.125,4.67,21,13,2,0,0,0,81.0,90,45,42,10,29,0,79,3,2,2,356,93,4.13,1.469,10.0,1.1,3.2,8.8,2.72
Dustin May,25,LAD,NL,4,1,0.8,2.63,9,9,0,0,0,0,48.0,29,14,14,1,16,0,34,2,0,1,187,169,3.27,0.938,5.4,0.2,3.0,6.4,2.13
Trevor May,33,OAK,AL,2,4,0.333,4.73,29,0,17,0,0,9,26.2,21,16,14,4,23,4,23,3,0,2,125,87,6.44,1.65,7.1,1.4,7.8,7.8,1.0
Mike Mayers,31,KCR,AL,1,2,0.333,6.15,6,2,0,0,0,0,26.1,34,19,18,4,10,0,17,0,0,2,119,72,5.11,1.671,11.6,1.4,3.4,5.8,1.7
Tim Mayza ,31,TOR,AL,1,1,0.5,1.1,44,0,7,0,0,1,32.2,28,5,4,0,6,0,33,0,0,0,126,383,1.82,1.041,7.7,0.0,1.7,9.1,5.5
James McArthur,26,KCR,AL,0,0,0.0,63.0,1,0,0,0,0,0,1.0,6,7,7,1,1,0,0,0,0,0,10,9,19.29,7.0,54.0,9.0,9.0,0.0,0.0
Darren McCaughan,27,SEA,AL,0,0,0.0,6.75,2,0,2,0,0,0,4.0,6,4,3,1,3,0,7,0,0,0,22,66,5.29,2.25,13.5,2.3,6.8,15.8,2.33
Shane McClanahan ,26,TBR,AL,11,1,0.917,2.89,19,19,0,0,0,0,106.0,82,34,34,12,41,0,112,0,0,1,429,142,3.81,1.16,7.0,1.0,3.5,9.5,2.73
T.J. McFarland ,34,NYM,NL,0,1,0.0,5.4,3,0,1,0,0,0,1.2,4,2,1,0,1,0,2,1,0,0,11,93,4.49,3.0,21.6,0.0,5.4,10.8,2.0
Easton McGee,25,SEA,AL,0,0,0.0,0.0,1,1,0,0,0,0,6.2,1,0,0,0,1,0,2,0,0,0,22,0,3.14,0.3,1.4,0.0,1.4,2.7,2.0
Scott McGough,33,ARI,NL,1,6,0.143,3.88,43,0,17,0,0,7,48.2,35,24,21,6,20,2,60,1,0,1,201,110,3.72,1.13,6.5,1.1,3.7,11.1,3.0
Collin McHugh,36,ATL,NL,3,1,0.75,3.54,30,1,2,0,0,0,40.2,49,20,16,3,14,0,29,4,0,0,182,128,4.15,1.549,10.8,0.7,3.1,6.4,2.07
Ryan McKenna,26,BAL,AL,0,0,0.0,18.0,1,0,1,0,0,0,1.0,4,2,2,0,0,0,0,0,0,0,6,32,3.29,4.0,36.0,0.0,0.0,0.0,0.0
Triston McKenzie,25,CLE,AL,0,1,0.0,4.5,2,2,0,0,0,0,10.0,8,5,5,1,4,0,15,0,0,1,42,95,2.79,1.2,7.2,0.9,3.6,13.5,3.75
Zach McKinstry,28,DET,AL,0,0,0.0,18.0,1,0,1,0,0,0,1.0,3,2,2,1,0,0,0,0,0,0,6,32,16.29,3.0,27.0,9.0,0.0,0.0,0.0
Nick Mears,26,COL,NL,0,0,0.0,2.57,5,0,2,0,0,0,7.0,4,2,2,0,4,0,8,0,0,0,29,204,2.72,1.143,5.1,0.0,5.1,10.3,2.0
Victor Mederos,22,LAA,AL,0,0,0.0,13.5,2,0,1,0,0,0,2.0,4,3,3,0,3,0,2,1,0,0,14,39,7.29,3.5,18.0,0.0,13.5,9.0,0.67
Luis Medina,24,OAK,AL,3,7,0.3,5.79,13,9,0,0,0,0,65.1,67,44,42,11,33,1,64,1,0,7,291,70,5.08,1.531,9.2,1.5,4.5,8.8,1.94
Trevor Megill,29,MIL,NL,1,0,1.0,4.6,15,0,5,0,0,0,15.2,16,8,8,0,7,0,21,1,0,2,70,96,2.14,1.468,9.2,0.0,4.0,12.1,3.0
Tylor Megill,27,NYM,NL,6,4,0.6,5.17,15,15,0,0,0,0,71.1,80,49,41,9,39,0,58,4,0,3,327,80,5.11,1.668,10.1,1.1,4.9,7.3,1.49
J.C. Mejía,26,MIL,NL,1,0,1.0,5.4,4,0,2,0,0,0,3.1,5,2,2,1,0,0,3,0,0,0,13,89,5.39,1.5,13.5,2.7,0.0,8.1,0.0
Julian Merryweather,31,CHC,NL,3,0,1.0,4.01,43,0,12,0,0,0,42.2,42,20,19,4,22,0,58,0,0,2,190,112,3.34,1.5,8.9,0.8,4.6,12.2,2.64
Keynan Middleton,29,CHW,AL,2,2,0.5,3.41,37,0,6,0,0,2,34.1,28,14,13,5,15,0,44,1,0,1,145,129,4.02,1.252,7.3,1.3,3.9,11.5,2.93
Miles Mikolas,34,STL,NL,6,5,0.545,4.33,22,22,0,0,0,0,126.2,141,62,61,12,25,0,86,6,0,2,543,100,3.9,1.311,10.0,0.9,1.8,6.1,3.44
Wade Miley ,36,MIL,NL,6,2,0.75,3.06,13,13,0,0,0,0,67.2,59,23,23,8,19,0,46,2,0,1,275,142,4.4,1.153,7.8,1.1,2.5,6.1,2.42
Bobby Miller,24,LAD,NL,6,1,0.857,4.28,10,10,0,0,0,0,54.2,49,26,26,5,16,0,53,4,0,3,228,104,3.64,1.189,8.1,0.8,2.6,8.7,3.31
Brad Miller,33,TEX,AL,0,0,0.0,13.5,1,0,1,0,0,0,2.0,2,3,3,1,2,0,0,0,0,0,9,38,12.79,2.0,9.0,4.5,9.0,0.0,0.0
Bryce Miller,24,SEA,AL,6,3,0.667,3.5,13,13,0,0,0,0,69.1,52,27,27,7,15,0,64,2,0,1,272,117,3.49,0.966,6.8,0.9,1.9,8.3,4.27
Mason Miller,24,OAK,AL,0,2,0.0,3.38,4,4,0,0,0,0,21.1,14,8,8,1,7,0,22,2,0,2,85,122,3.1,0.984,5.9,0.4,3.0,9.3,3.14
Shelby Miller,32,LAD,NL,1,0,1.0,2.4,25,0,10,0,0,1,30.0,12,8,8,3,18,1,31,2,0,1,120,186,4.52,1.0,3.6,0.9,5.4,9.3,1.72
Tyson Miller,27,MIL,NL,0,0,0.0,5.79,7,0,6,0,0,0,9.1,9,6,6,2,3,0,7,1,0,1,41,78,5.86,1.286,8.7,1.9,2.9,6.8,2.33
Alec Mills,31,CIN,NL,0,0,0.0,18.0,1,0,0,0,0,0,1.0,4,5,2,1,1,0,0,1,0,1,10,35,22.29,5.0,36.0,9.0,9.0,0.0,0.0
Hoby Milner ,32,MIL,NL,2,0,1.0,2.31,44,0,1,0,0,0,39.0,33,10,10,4,9,0,36,2,0,0,154,189,3.62,1.077,7.6,0.9,2.1,8.3,4.0
Tommy Milone ,36,SEA,AL,0,1,0.0,2.0,2,2,0,0,0,0,9.0,7,3,2,1,6,0,3,0,0,0,40,213,6.07,1.444,7.0,1.0,6.0,3.0,0.5
A.J. Minter ,29,ATL,NL,3,5,0.375,4.91,44,0,16,0,0,10,40.1,34,22,22,4,10,0,50,0,1,1,158,92,2.84,1.091,7.6,0.9,2.2,11.2,5.0
Anthony Misiewicz ,28,TOT,MLB,1,0,1.0,8.64,8,0,2,0,0,0,8.1,15,8,8,2,3,0,6,0,0,2,42,53,6.05,2.16,16.2,2.2,3.2,6.5,2.0
Anthony Misiewicz ,28,ARI,NL,1,0,1.0,5.63,7,0,1,0,0,0,8.0,11,5,5,1,3,0,6,0,0,2,37,79,4.54,1.75,12.4,1.1,3.4,6.8,2.0
Anthony Misiewicz ,28,DET,AL,0,0,0.0,81.0,1,0,1,0,0,0,0.1,4,3,3,1,0,0,0,0,0,0,5,11,42.29,12.0,108.0,27.0,0.0,0.0,0.0
Carmen Mlodzinski,24,PIT,NL,1,2,0.333,2.45,13,1,3,0,0,0,14.2,10,8,4,2,6,0,12,1,0,0,60,186,4.86,1.091,6.1,1.2,3.7,7.4,2.0
Sam Moll ,31,OAK,AL,0,3,0.0,4.58,41,1,9,0,0,1,35.1,32,19,18,1,16,3,44,7,0,4,158,89,3.12,1.358,8.2,0.3,4.1,11.2,2.75
Rafael Montero,32,HOU,AL,2,3,0.4,6.26,40,0,16,0,0,1,41.2,47,31,29,8,17,0,43,3,0,0,184,67,5.16,1.536,10.2,1.7,3.7,9.3,2.53
Jordan Montgomery ,30,STL,NL,6,7,0.462,3.14,19,19,0,0,0,0,109.0,105,44,38,10,29,0,101,2,0,2,456,138,3.48,1.229,8.7,0.8,2.4,8.3,3.48
Matt Moore ,34,LAA,AL,3,1,0.75,2.17,26,0,4,0,0,0,29.0,18,8,7,4,8,2,27,2,0,0,111,207,4.25,0.897,5.6,1.2,2.5,8.4,3.38
McKinley Moore,24,PHI,NL,0,0,0.0,18.9,3,0,0,0,0,0,3.1,5,7,7,1,5,0,2,2,0,0,21,25,12.29,3.0,13.5,2.7,13.5,5.4,0.4
Jovani Moran ,26,MIN,AL,2,2,0.5,4.31,38,0,10,0,0,0,39.2,31,21,19,3,22,1,46,0,0,2,167,101,3.62,1.336,7.0,0.7,5.0,10.4,2.09
Adrián Morejón ,24,SDP,NL,0,0,0.0,7.0,8,1,1,0,0,0,9.0,14,7,7,1,5,0,8,0,0,1,44,61,4.62,2.111,14.0,1.0,5.0,8.0,1.6
Dauri Moreta,27,PIT,NL,4,2,0.667,3.32,43,0,10,0,0,1,43.1,29,18,16,3,20,1,59,3,0,3,179,135,3.06,1.131,6.0,0.6,4.2,12.3,2.95
Eli Morgan,27,CLE,AL,4,1,0.8,2.43,37,0,8,0,0,1,40.2,38,15,11,5,11,1,42,0,1,0,172,171,3.63,1.205,8.4,1.1,2.4,9.3,3.82
Reyes Moronta,30,LAA,AL,0,0,0.0,6.75,2,0,0,0,0,0,1.1,4,1,1,1,3,0,2,0,0,1,11,83,16.79,5.25,27.0,6.8,20.3,13.5,0.67
Cody Morris,26,CLE,AL,0,0,0.0,9.0,4,0,1,0,0,0,4.0,7,4,4,3,2,0,6,0,0,0,20,50,11.54,2.25,15.8,6.8,4.5,13.5,3.0
Charlie Morton,39,ATL,NL,10,7,0.588,3.36,19,19,0,0,0,0,109.2,104,45,41,10,46,1,119,5,2,1,473,134,3.7,1.368,8.5,0.8,3.8,9.8,2.59
Zach Muckenhirn ,28,NYM,NL,0,0,0.0,6.0,3,0,1,0,0,0,6.0,11,4,4,0,2,0,3,1,0,0,31,73,3.79,2.167,16.5,0.0,3.0,4.5,1.5
Kyle Muller ,25,OAK,AL,1,4,0.2,7.79,11,11,0,0,0,0,52.0,75,45,45,10,27,1,37,3,0,2,253,52,6.1,1.962,13.0,1.7,4.7,6.4,1.37
Andrés Muñoz,24,SEA,AL,2,3,0.4,2.66,21,0,2,0,0,1,20.1,13,6,6,1,8,0,30,1,0,1,83,157,2.31,1.033,5.8,0.4,3.5,13.3,3.75
Penn Murfee,29,SEA,AL,1,2,0.333,1.29,16,0,3,0,0,0,14.0,5,5,2,1,10,3,16,1,1,0,58,327,4.29,1.071,3.2,0.6,6.4,10.3,1.6
Chris Murphy ,25,BOS,AL,0,0,0.0,1.69,7,0,2,0,0,0,21.1,15,4,4,1,9,0,23,0,0,2,88,280,3.01,1.125,6.3,0.4,3.8,9.7,2.56
Joe Musgrove,30,SDP,NL,9,2,0.818,3.16,15,15,0,0,0,0,85.1,79,32,30,8,18,1,86,9,1,2,351,129,3.44,1.137,8.3,0.8,1.9,9.1,4.78
Parker Mushinski ,27,HOU,AL,0,0,0.0,4.15,4,0,0,0,0,0,4.1,6,2,2,0,2,0,6,3,0,0,24,109,3.98,1.846,12.5,0.0,4.2,12.5,3.0
James Naile,30,STL,NL,0,0,0.0,11.74,5,0,2,0,0,0,7.2,18,14,10,0,7,0,4,0,0,0,48,39,4.98,3.261,21.1,0.0,8.2,4.7,0.57
Andrew Nardi ,24,MIA,NL,6,1,0.857,3.19,41,0,8,0,0,2,36.2,30,14,13,7,11,2,48,1,0,0,149,137,4.13,1.118,7.4,1.7,2.7,11.8,4.36
Packy Naughton ,27,STL,NL,0,0,0.0,0.0,4,0,2,0,0,0,5.0,2,0,0,0,1,0,5,0,0,0,17,0,1.89,0.6,3.6,0.0,1.8,9.0,5.0
Zach Neal,34,OAK,AL,0,0,0.0,8.1,2,0,2,0,0,0,3.1,4,3,3,2,0,0,3,0,0,0,14,56,9.29,1.2,10.8,5.4,0.0,8.1,0.0
Kyle Nelson ,26,ARI,NL,4,2,0.667,2.97,43,1,4,0,0,0,36.1,35,15,12,6,9,0,48,1,0,1,153,144,3.62,1.211,8.7,1.5,2.2,11.9,5.33
Ryne Nelson,25,ARI,NL,6,5,0.545,4.82,20,20,0,0,0,0,106.1,117,59,57,16,30,0,73,1,1,5,454,88,4.75,1.382,9.9,1.4,2.5,6.2,2.43
Hector Neris,34,HOU,AL,5,2,0.714,1.51,44,0,4,0,0,2,41.2,24,8,7,5,20,0,49,2,0,3,165,279,4.08,1.056,5.2,1.1,4.3,10.6,2.45
Vinny Nittoli,32,NYM,NL,0,0,0.0,0.0,2,0,2,0,0,0,1.2,1,0,0,0,0,0,1,0,0,0,5,0,2.09,0.6,5.4,0.0,0.0,5.4,0.0
Stephen Nogosek,28,NYM,NL,0,1,0.0,5.61,13,0,1,0,0,0,25.2,28,16,16,6,14,0,25,2,0,2,118,74,6.25,1.636,9.8,2.1,4.9,8.8,1.79
Aaron Nola,30,PHI,NL,9,6,0.6,4.27,20,20,0,0,0,0,126.1,106,66,60,21,30,0,126,1,0,0,509,101,4.19,1.077,7.6,1.5,2.1,9.0,4.2
Sean Nolin ,33,MIA,NL,0,0,0.0,18.0,1,0,1,0,0,0,3.0,7,6,6,2,2,0,2,0,0,0,18,27,12.62,3.0,21.0,6.0,6.0,6.0,1.0
Daniel Norris ,30,CLE,AL,0,0,0.0,0.0,1,0,1,0,0,0,2.0,0,0,0,0,3,0,0,0,0,0,8,0,7.79,1.5,0.0,0.0,13.5,0.0,0.0
Bailey Ober,27,MIN,AL,6,4,0.6,2.74,15,15,0,0,0,0,88.2,69,28,27,9,18,0,84,4,0,1,345,158,3.46,0.981,7.0,0.9,1.8,8.5,4.67
Shohei Ohtani,28,LAA,AL,8,5,0.615,3.71,19,19,0,0,0,0,111.2,78,49,46,18,47,0,148,11,0,12,459,120,4.29,1.119,6.3,1.5,3.8,11.9,3.15
Steven Okert ,31,MIA,NL,3,1,0.75,3.34,40,1,7,0,0,0,35.0,23,14,13,5,14,0,48,1,0,0,140,131,3.69,1.057,5.9,1.3,3.6,12.3,3.43
Adam Oller,28,OAK,AL,1,1,0.5,10.07,9,1,2,0,0,0,19.2,29,24,22,5,12,0,13,1,0,1,101,41,7.26,2.085,13.3,2.3,5.5,5.9,1.08
Reese Olson,23,DET,AL,1,4,0.2,4.53,10,7,0,0,0,0,43.2,38,24,22,7,10,0,45,0,0,1,179,96,4.0,1.099,7.8,1.4,2.1,9.3,4.5
Kaleb Ort,31,BOS,AL,1,2,0.333,6.26,21,2,7,0,0,0,23.0,27,19,16,6,9,1,24,1,0,2,107,75,5.9,1.565,10.6,2.3,3.5,9.4,2.67
Oliver Ortega,26,MIN,AL,0,0,0.0,3.27,7,0,0,0,0,0,11.0,5,4,4,2,3,0,9,0,0,1,41,136,4.83,0.727,4.1,1.6,2.5,7.4,3.0
Luis Ortiz,27,PHI,NL,0,0,0.0,3.86,10,0,6,0,0,1,14.0,15,6,6,1,5,0,12,0,0,0,60,114,3.57,1.429,9.6,0.6,3.2,7.7,2.4
Luis Ortiz,24,PIT,NL,2,3,0.4,4.86,11,10,0,0,0,0,53.2,67,33,29,11,26,0,34,1,0,3,247,92,6.2,1.733,11.2,1.8,4.4,5.7,1.31
Adam Ottavino,37,NYM,NL,0,4,0.0,3.66,42,0,19,0,0,6,39.1,30,16,16,5,17,1,38,6,2,5,167,113,4.76,1.195,6.9,1.1,3.9,8.7,2.24
Glenn Otto,27,TEX,AL,0,0,0.0,10.8,4,0,1,0,0,0,8.1,10,10,10,4,5,0,9,0,0,0,40,42,9.17,1.8,10.8,4.3,5.4,9.7,1.8
Connor Overton,29,CIN,NL,0,1,0.0,11.45,3,3,0,0,0,0,11.0,19,14,14,3,7,0,9,0,0,0,55,42,7.11,2.364,15.5,2.5,5.7,7.4,1.29
Johan Oviedo,25,PIT,NL,3,11,0.214,4.77,20,20,0,0,0,0,111.1,106,63,59,13,46,1,101,6,1,3,493,94,4.39,1.365,8.6,1.1,3.7,8.2,2.2
Chris Owings,31,PIT,NL,0,0,0.0,0.0,1,0,1,0,0,0,1.0,2,0,0,0,0,0,0,0,0,0,6,0,3.29,2.0,18.0,0.0,0.0,0.0,0.0
Nicholas Padilla,26,CHW,AL,0,1,0.0,5.79,3,0,0,0,0,0,4.2,9,3,3,1,1,0,6,0,0,0,23,81,4.15,2.143,17.4,1.9,1.9,11.6,6.0
Emilio Pagán,32,MIN,AL,4,1,0.8,3.4,39,0,11,0,0,0,42.1,32,17,16,3,14,1,40,1,0,0,172,128,3.38,1.087,6.8,0.6,3.0,8.5,2.86
Daniel Palencia,23,CHC,NL,2,0,1.0,2.84,6,0,3,0,0,0,6.1,6,2,2,1,3,0,5,0,0,3,25,165,5.18,1.421,8.5,1.4,4.3,7.1,1.67
Andre Pallante,24,STL,NL,2,1,0.667,4.71,34,0,4,0,0,0,36.1,36,19,19,3,19,0,30,2,0,5,159,93,4.44,1.514,8.9,0.7,4.7,7.4,1.58
Thomas Pannone ,29,MIL,NL,0,0,0.0,6.75,1,0,0,0,0,0,2.2,5,2,2,0,1,0,4,0,0,2,14,73,1.41,2.25,16.9,0.0,3.4,13.5,4.0
Luis Patiño,23,TBR,AL,0,0,0.0,9.0,2,0,1,0,0,0,4.0,5,4,4,2,2,0,5,0,0,0,19,50,8.79,1.75,11.3,4.5,4.5,11.3,2.5
Spencer Patton,35,OAK,AL,0,0,0.0,6.75,4,0,1,0,0,0,5.1,5,4,4,2,1,0,1,0,0,0,22,64,8.35,1.125,8.4,3.4,1.7,1.7,1.0
James Paxton ,34,BOS,AL,6,2,0.75,3.46,12,12,0,0,0,0,65.0,47,27,25,9,18,0,75,2,0,1,258,135,3.7,1.0,6.5,1.2,2.5,10.4,4.17
Joel Payamps,29,MIL,NL,4,1,0.8,1.75,44,0,7,0,0,3,46.1,33,11,9,5,8,0,54,3,2,1,180,249,3.07,0.885,6.4,1.0,1.6,10.5,6.75
Nate Pearson,26,TOR,AL,5,2,0.714,4.75,29,0,5,0,0,1,36.0,31,21,19,6,11,2,36,3,0,3,151,89,4.62,1.167,7.8,1.5,2.8,9.0,3.27
Elvis Peguero,26,MIL,NL,1,2,0.333,2.77,37,0,5,0,0,1,39.0,28,13,12,1,15,0,34,4,0,0,157,158,3.34,1.103,6.5,0.2,3.5,7.8,2.27
Freddy Peralta,27,MIL,NL,6,8,0.429,4.72,19,19,0,0,0,0,103.0,89,60,54,18,43,0,118,6,0,3,442,92,4.7,1.282,7.8,1.6,3.8,10.3,2.74
Sammy Peralta ,25,CHW,AL,0,0,0.0,27.0,1,0,1,0,0,0,0.2,2,2,2,0,2,0,2,0,0,0,6,25,6.29,6.0,27.0,0.0,27.0,27.0,1.0
Wandy Peralta ,31,NYY,AL,3,1,0.75,2.37,45,0,10,0,0,4,38.0,26,12,10,3,21,0,30,4,2,1,160,180,4.71,1.237,6.2,0.7,5.0,7.1,1.43
Angel Perdomo ,29,PIT,NL,1,1,0.5,3.32,19,0,5,0,0,0,19.0,11,8,7,1,7,0,28,2,0,0,74,137,2.45,0.947,5.2,0.5,3.3,13.3,4.0
Carlos Pérez,32,OAK,AL,0,0,0.0,10.8,2,0,2,0,0,0,1.2,4,2,2,1,2,0,0,0,0,0,10,46,14.69,3.6,21.6,5.4,10.8,0.0,0.0
Cionel Pérez ,27,BAL,AL,3,1,0.75,4.68,36,0,7,0,0,0,32.2,39,20,17,2,19,2,26,2,1,0,157,90,4.42,1.776,10.7,0.6,5.2,7.2,1.37
Eury Pérez,20,MIA,NL,5,3,0.625,2.36,11,11,0,0,0,0,53.1,41,15,14,7,17,0,61,1,0,3,215,184,3.72,1.088,6.9,1.2,2.9,10.3,3.59
Martín Pérez ,32,TEX,AL,7,3,0.7,4.84,18,18,0,0,0,0,96.2,109,56,52,17,36,0,62,1,2,0,425,90,5.44,1.5,10.1,1.6,3.4,5.8,1.72
David Peterson ,27,NYM,NL,2,7,0.222,6.44,14,11,0,1,0,0,57.1,71,41,41,9,25,0,64,2,0,4,261,64,4.51,1.674,11.1,1.4,3.9,10.0,2.56
Jace Peterson,33,OAK,AL,0,0,0.0,9.0,2,0,2,0,0,0,2.0,3,2,2,1,3,0,1,0,0,0,12,54,13.29,3.0,13.5,4.5,13.5,4.5,0.33
Brandon Pfaadt,24,ARI,NL,0,4,0.0,8.81,7,7,0,0,0,0,31.2,42,31,31,12,10,0,27,2,0,0,146,49,7.65,1.642,11.9,3.4,2.8,7.7,2.7
Brett Phillips,29,LAA,AL,0,0,0.0,0.0,1,0,1,0,0,0,0.1,1,0,0,0,1,0,0,0,0,0,3,0,12.29,6.0,27.0,0.0,27.0,0.0,0.0
Evan Phillips,28,LAD,NL,1,3,0.25,2.41,39,0,20,0,0,12,37.1,22,10,10,3,9,0,44,2,0,1,140,185,2.86,0.83,5.3,0.7,2.2,10.6,4.89
Konnor Pilkington ,25,CLE,AL,0,0,0.0,0.0,1,0,1,0,0,0,2.0,1,0,0,0,1,0,2,0,0,0,8,0,2.79,1.0,4.5,0.0,4.5,9.0,2.0
Riley Pint,25,COL,NL,0,0,0.0,27.0,1,0,0,0,0,0,0.1,1,1,1,0,3,0,0,0,0,0,5,36,30.29,12.0,27.0,0.0,81.0,0.0,0.0
Nick Pivetta,30,BOS,AL,6,5,0.545,4.38,24,8,2,0,0,0,76.0,58,42,37,12,33,1,95,4,1,4,322,107,4.3,1.197,6.9,1.4,3.9,11.3,2.88
Zach Plesac,28,CLE,AL,1,1,0.5,7.59,5,5,0,0,0,0,21.1,37,20,18,3,5,0,14,0,0,0,105,55,4.51,1.969,15.6,1.3,2.1,5.9,2.8
Colin Poche ,29,TBR,AL,7,2,0.778,2.0,40,0,4,0,0,1,36.0,24,10,8,3,17,0,31,1,0,2,150,207,4.15,1.139,6.0,0.8,4.3,7.8,1.82
Zach Pop,26,TOR,AL,1,1,0.5,6.59,15,0,2,0,0,0,13.2,11,11,10,4,6,0,14,0,0,1,56,65,6.36,1.244,7.2,2.6,4.0,9.2,2.33
Ryan Pressly,34,HOU,AL,2,2,0.5,2.84,44,0,36,0,0,23,44.1,31,20,14,5,9,0,49,0,0,1,172,148,3.15,0.902,6.3,1.0,1.8,9.9,5.44
Quinn Priester,22,PIT,NL,0,1,0.0,11.81,1,1,0,0,0,0,5.1,7,7,7,2,2,0,2,0,0,0,25,40,8.54,1.688,11.8,3.4,3.4,3.4,1.0
Austin Pruitt,33,OAK,AL,2,6,0.25,3.96,28,5,7,0,0,0,36.1,37,18,16,5,7,1,21,0,0,1,149,103,4.5,1.211,9.2,1.2,1.7,5.2,3.0
A.J. Puk ,28,MIA,NL,4,4,0.5,4.26,33,0,27,0,0,15,31.2,30,19,15,5,6,1,39,1,0,1,136,103,3.54,1.137,8.5,1.4,1.7,11.1,6.5
Cal Quantrill,28,CLE,AL,2,6,0.25,6.45,13,13,0,0,0,0,67.0,83,49,48,8,22,0,38,5,0,4,307,64,4.92,1.567,11.1,1.1,3.0,5.1,1.73
Johan Quezada,28,MIA,NL,0,0,0.0,40.5,1,0,0,0,0,0,0.2,1,3,3,0,5,0,0,0,0,0,8,16,25.79,9.0,13.5,0.0,67.5,0.0,0.0
José Quijada ,27,LAA,AL,0,1,0.0,6.0,10,0,4,0,0,4,9.0,8,7,6,0,3,0,8,2,0,0,41,77,3.18,1.222,8.0,0.0,3.0,8.0,2.67
José Quintana ,34,NYM,NL,0,1,0.0,3.6,1,1,0,0,0,0,5.0,6,2,2,0,0,0,3,0,0,0,20,123,2.09,1.2,10.8,0.0,0.0,5.4,0.0
Cole Ragans ,25,TOT,AL,2,3,0.4,5.22,18,1,1,0,0,0,29.1,24,18,17,4,16,1,27,1,0,2,126,86,4.96,1.364,7.4,1.2,4.9,8.3,1.69
Cole Ragans ,25,TEX,AL,2,3,0.4,5.92,17,0,1,0,0,0,24.1,20,17,16,4,14,1,24,1,0,2,106,75,5.3,1.397,7.4,1.5,5.2,8.9,1.71
Cole Ragans ,25,KCR,AL,0,0,0.0,1.8,1,1,0,0,0,0,5.0,4,1,1,0,2,0,3,0,0,0,20,261,3.29,1.2,7.2,0.0,3.6,5.4,1.5
Brooks Raley ,35,NYM,NL,0,1,0.0,2.08,42,0,3,0,0,1,34.2,27,8,8,3,15,1,38,5,0,0,149,200,3.95,1.212,7.0,0.8,3.9,9.9,2.53
Luke Raley,28,TBR,AL,0,0,0.0,30.38,2,0,1,0,0,0,2.2,11,9,9,2,0,0,1,0,0,0,19,15,12.29,4.125,37.1,6.8,0.0,3.4,0.0
Erasmo Ramírez,33,WSN,NL,2,3,0.4,6.33,23,0,5,0,0,0,27.0,36,20,19,4,6,0,13,3,1,0,126,66,5.25,1.556,12.0,1.3,2.0,4.3,2.17
Nick Ramirez ,33,NYY,AL,0,2,0.0,3.33,21,0,7,0,0,0,24.1,26,11,9,1,8,0,20,0,1,0,107,129,3.17,1.397,9.6,0.4,3.0,7.4,2.5
Yohan Ramirez,28,PIT,NL,1,0,1.0,4.25,23,0,7,0,0,0,29.2,31,17,14,3,13,1,25,7,0,2,136,106,4.94,1.483,9.4,0.9,3.9,7.6,1.92
Drew Rasmussen,27,TBR,AL,4,2,0.667,2.62,8,8,0,0,0,0,44.2,36,13,13,2,11,0,47,1,0,2,177,158,2.57,1.052,7.3,0.4,2.2,9.5,4.27
Robbie Ray ,31,SEA,AL,0,1,0.0,8.1,1,1,0,0,0,0,3.1,4,5,3,0,5,0,3,0,0,1,19,56,5.99,2.7,10.8,0.0,13.5,8.1,0.6
Colin Rea,32,MIL,NL,5,4,0.556,4.64,17,16,0,0,0,0,85.1,77,46,44,14,26,0,70,3,1,2,359,94,4.8,1.207,8.1,1.5,2.7,7.4,2.69
Jake Reed,30,LAD,NL,0,0,0.0,81.0,1,0,0,0,0,0,0.2,5,6,6,1,1,0,1,0,0,0,7,8,24.29,9.0,67.5,13.5,13.5,13.5,1.0
Denyi Reyes,26,NYM,NL,0,1,0.0,6.14,6,1,1,0,0,0,7.1,8,5,5,2,3,0,8,0,0,0,32,70,5.88,1.5,9.8,2.5,3.7,9.8,2.67
Gerardo Reyes,30,LAA,AL,0,0,0.0,7.94,4,0,0,0,0,0,5.2,5,5,5,1,4,0,4,2,0,1,28,59,7.35,1.588,7.9,1.6,6.4,6.4,1.0
Pablo Reyes,29,BOS,AL,0,0,0.0,9.0,1,0,1,0,0,0,1.0,2,1,1,0,2,0,0,0,0,0,7,69,9.29,4.0,18.0,0.0,18.0,0.0,0.0
Trevor Richards,30,TOR,AL,1,1,0.5,3.1,34,3,3,0,0,0,49.1,37,18,17,8,20,0,75,2,0,1,205,136,3.69,1.155,6.8,1.5,3.6,13.7,3.75
Yacksel Ríos,30,OAK,AL,0,0,0.0,37.8,3,0,2,0,0,0,1.2,3,7,7,1,6,0,2,0,0,2,14,13,19.49,5.4,16.2,5.4,32.4,10.8,0.33
David Robertson,38,NYM,NL,4,2,0.667,2.08,39,0,26,0,0,14,43.1,31,13,10,5,13,1,48,2,0,4,170,200,3.61,1.015,6.4,1.0,2.7,10.0,3.69
Nick Robertson,24,LAD,NL,0,1,0.0,6.1,9,0,2,0,0,0,10.1,17,10,7,1,4,0,13,0,0,0,50,75,3.19,2.032,14.8,0.9,3.5,11.3,3.25
Carlos Rodón ,30,NYY,AL,0,3,0.0,7.36,3,3,0,0,0,0,14.2,12,12,12,4,9,0,11,0,0,4,65,59,7.18,1.432,7.4,2.5,5.5,6.8,1.22
Dereck Rodríguez,31,TOT,MLB,0,0,0.0,2.7,3,0,3,0,0,0,3.1,2,1,1,0,2,0,1,0,0,0,14,199,4.49,1.2,5.4,0.0,5.4,2.7,0.5
Dereck Rodríguez,31,MIN,AL,0,0,0.0,13.5,1,0,1,0,0,0,0.2,1,1,1,0,1,0,0,0,0,0,4,49,7.79,3.0,13.5,0.0,13.5,0.0,0.0
Dereck Rodríguez,31,ATL,NL,0,0,0.0,0.0,2,0,2,0,0,0,2.2,1,0,0,0,1,0,1,0,0,0,10,0,3.66,0.75,3.4,0.0,3.4,3.4,1.0
Eduardo Rodriguez ,30,DET,AL,6,5,0.545,2.69,14,14,0,0,0,0,83.2,63,27,25,8,18,0,88,2,0,1,328,161,3.15,0.968,6.8,0.9,1.9,9.5,4.89
Elvin Rodriguez,25,TBR,AL,0,0,0.0,0.0,1,0,1,0,0,0,3.1,0,0,0,0,0,0,5,0,0,0,10,0,0.29,0.0,0.0,0.0,0.0,13.5,0.0
Grayson Rodriguez,23,BAL,AL,2,2,0.5,6.91,12,12,0,0,0,0,56.0,68,44,43,13,25,0,66,0,0,3,253,61,5.29,1.661,10.9,2.1,4.0,10.6,2.64
Joely Rodríguez ,31,BOS,AL,0,0,0.0,9.0,9,0,0,0,0,0,8.0,9,9,8,2,6,0,10,0,0,0,38,54,6.29,1.875,10.1,2.3,6.8,11.3,1.67
José Rodríguez,27,SEA,AL,0,0,0.0,9.0,1,0,1,0,0,0,3.0,3,3,3,0,1,0,1,0,0,0,12,51,3.62,1.333,9.0,0.0,3.0,3.0,1.0
Yerry Rodríguez,25,TEX,AL,0,0,0.0,5.06,11,0,8,0,0,0,10.2,14,6,6,1,3,1,11,0,0,0,49,89,3.29,1.594,11.8,0.8,2.5,9.3,3.67
Taylor Rogers ,32,SFG,NL,5,3,0.625,3.03,38,0,5,0,0,1,32.2,19,12,11,4,16,2,42,3,0,2,135,143,4.05,1.071,5.2,1.1,4.4,11.6,2.63
Trevor Rogers ,25,MIA,NL,1,2,0.333,4.0,4,4,0,0,0,0,18.0,16,9,8,2,6,0,19,3,0,0,79,110,4.12,1.222,8.0,1.0,3.0,9.5,3.17
Tyler Rogers,32,SFG,NL,3,4,0.429,2.2,44,0,7,0,0,2,49.0,39,13,12,3,14,2,38,1,0,0,200,196,3.45,1.082,7.2,0.6,2.6,7.0,2.71
Josh Rojas,29,ARI,NL,0,0,0.0,18.0,2,0,2,0,0,0,2.0,6,4,4,0,1,0,1,0,0,0,13,28,3.79,3.5,27.0,0.0,4.5,4.5,1.0
Jordan Romano,30,TOR,AL,4,5,0.444,2.97,41,0,35,0,0,26,39.1,33,13,13,4,13,4,48,1,1,0,163,142,3.24,1.169,7.6,0.9,3.0,11.0,3.69
JoJo Romero ,26,STL,NL,2,0,1.0,2.55,13,0,3,0,0,0,17.2,9,6,5,1,8,0,18,0,0,0,69,173,3.35,0.962,4.6,0.5,4.1,9.2,2.25
Drew Rucinski,34,OAK,AL,0,4,0.0,9.0,4,4,0,0,0,0,18.0,27,22,18,5,14,0,6,1,0,0,95,46,8.73,2.278,13.5,2.5,7.0,3.0,0.43
Michael Rucker,29,CHC,NL,2,1,0.667,5.21,32,0,11,0,0,0,38.0,39,22,22,6,16,0,38,3,0,1,165,86,4.84,1.447,9.2,1.4,3.8,9.0,2.38
José Ruiz,28,TOT,MLB,2,1,0.667,5.48,37,0,14,0,0,0,42.2,47,28,26,8,21,1,38,6,1,3,198,79,5.84,1.594,9.9,1.7,4.4,8.0,1.81
José Ruiz,28,CHW,AL,0,0,0.0,22.09,4,0,1,0,0,0,3.2,8,9,9,3,4,0,3,2,1,0,25,22,17.2,3.273,19.6,7.4,9.8,7.4,0.75
José Ruiz,28,ARI,NL,2,1,0.667,3.92,33,0,13,0,0,0,39.0,39,19,17,5,17,1,35,4,0,3,173,109,4.78,1.436,9.0,1.2,3.9,8.1,2.06
Joe Ryan,27,MIN,AL,9,6,0.6,3.88,20,20,0,1,1,0,118.1,102,53,51,19,22,0,141,4,0,3,480,111,3.65,1.048,7.8,1.4,1.7,10.7,6.41
Eduardo Salazar,25,CIN,NL,1,0,1.0,8.03,8,0,3,0,0,0,12.1,16,11,11,0,5,0,5,4,0,1,61,60,4.67,1.703,11.7,0.0,3.6,3.6,1.0
Chris Sale ,34,BOS,AL,5,2,0.714,4.58,11,11,0,0,0,0,59.0,55,31,30,8,15,0,71,6,0,2,249,102,3.71,1.186,8.4,1.2,2.3,10.8,4.73
Cristopher Sánchez ,26,PHI,NL,0,3,0.0,3.06,7,7,0,0,0,0,35.1,31,15,12,5,6,0,30,0,0,2,140,142,3.94,1.047,7.9,1.3,1.5,7.6,5.0
Nick Sandlin,26,CLE,AL,4,3,0.571,3.35,36,0,3,0,0,0,37.2,20,16,14,6,14,1,40,1,0,0,143,125,4.43,0.903,4.8,1.4,3.3,9.6,2.86
Patrick Sandoval ,26,LAA,AL,5,7,0.417,4.16,17,17,0,0,0,0,93.0,92,49,43,7,39,2,77,4,0,4,412,107,4.0,1.409,8.9,0.7,3.8,7.5,1.97
Cole Sands,25,MIN,AL,0,0,0.0,4.5,10,0,8,0,0,0,14.0,15,7,7,3,9,0,14,0,0,2,66,98,6.0,1.714,9.6,1.9,5.8,9.0,1.56
Reiver Sanmartin ,27,CIN,NL,1,0,1.0,7.07,14,0,3,0,0,0,14.0,17,13,11,2,10,0,13,0,0,2,70,68,5.43,1.929,10.9,1.3,6.4,8.4,1.3
Dennis Santana,27,NYM,NL,1,0,1.0,6.23,8,0,3,0,0,0,8.2,8,6,6,2,5,0,11,1,0,0,40,69,5.83,1.5,8.3,2.1,5.2,11.4,2.2
Tony Santillan,26,CIN,NL,1,0,1.0,2.7,3,0,1,0,0,0,3.1,4,1,1,0,5,1,1,0,0,0,18,192,7.19,2.7,10.8,0.0,13.5,2.7,0.2
Gregory Santos,23,CHW,AL,2,0,1.0,2.59,44,0,7,0,0,1,48.2,50,15,14,1,11,0,48,3,0,1,207,169,2.45,1.253,9.2,0.2,2.0,8.9,4.36
Tayler Saucedo ,30,SEA,AL,2,1,0.667,2.54,29,0,12,0,0,0,28.1,26,9,8,1,13,1,29,2,0,1,124,163,3.29,1.376,8.3,0.3,4.1,9.2,2.23
Josh Sborz,29,TEX,AL,4,4,0.5,4.54,29,0,5,0,0,0,37.2,28,19,19,4,13,0,52,1,0,2,153,97,3.02,1.088,6.7,1.0,3.1,12.4,4.0
Max Scherzer,38,NYM,NL,8,4,0.667,4.2,18,18,0,0,0,0,100.2,92,48,47,22,28,0,114,3,0,1,416,98,4.79,1.192,8.2,2.0,2.5,10.2,4.07
Clarke Schmidt,27,NYY,AL,6,6,0.5,4.33,21,20,1,0,0,0,99.2,104,54,48,15,28,0,97,6,2,3,431,98,4.32,1.324,9.4,1.4,2.5,8.8,3.46
Jesse Scholtens,29,CHW,AL,1,2,0.333,3.15,13,2,7,0,0,1,34.1,32,13,12,4,11,0,18,0,0,1,142,140,4.72,1.252,8.4,1.0,2.9,4.7,1.64
Jonathan Schoop,31,DET,AL,0,0,0.0,0.0,1,0,1,0,0,0,1.1,1,0,0,0,0,0,1,0,0,0,5,0,1.79,0.75,6.8,0.0,0.0,6.8,0.0
John Schreiber,29,BOS,AL,1,0,1.0,2.12,18,0,2,0,0,0,17.0,14,5,4,1,8,0,21,1,0,0,70,224,3.17,1.294,7.4,0.5,4.2,11.1,2.63
Tanner Scott ,28,MIA,NL,4,3,0.571,2.87,46,0,8,0,0,2,47.0,33,15,15,2,18,2,71,3,0,0,189,152,2.16,1.085,6.3,0.4,3.4,13.6,3.94
Tayler Scott,31,TOT,MLB,0,0,0.0,7.36,11,1,2,0,0,0,11.0,13,10,9,2,8,2,12,2,0,1,55,66,6.2,1.909,10.6,1.6,6.5,9.8,1.5
Tayler Scott,31,TOT,AL,0,0,0.0,5.4,5,1,1,0,0,0,5.0,7,4,3,2,4,0,4,1,0,1,25,94,9.89,2.2,12.6,3.6,7.2,7.2,1.0
Tayler Scott,31,LAD,NL,0,0,0.0,9.0,6,0,1,0,0,0,6.0,6,6,6,0,4,2,8,1,0,0,30,52,3.12,1.667,9.0,0.0,6.0,12.0,2.0
Tayler Scott,31,BOS,AL,0,0,0.0,4.91,4,1,1,0,0,0,3.2,6,3,2,1,4,0,2,1,0,1,20,103,9.83,2.727,14.7,2.5,9.8,4.9,0.5
Tayler Scott,31,OAK,AL,0,0,0.0,6.75,1,0,0,0,0,0,1.1,1,1,1,1,0,0,2,0,0,0,5,77,10.04,0.75,6.8,6.8,0.0,13.5,0.0
Connor Seabold,27,COL,NL,1,7,0.125,7.18,20,13,3,0,0,0,72.2,90,61,58,17,24,1,54,7,0,3,336,70,6.12,1.569,11.1,2.1,3.0,6.7,2.25
JP Sears ,27,OAK,AL,1,7,0.125,4.19,20,20,0,0,0,0,111.2,93,55,52,24,24,0,101,11,0,1,454,97,5.21,1.048,7.5,1.9,1.9,8.1,4.21
Kodai Senga,30,NYM,NL,7,5,0.583,3.27,18,18,0,0,0,0,99.0,75,41,36,11,50,0,125,3,1,8,421,126,3.81,1.263,6.8,1.0,4.5,11.4,2.5
Antonio Senzatela,28,COL,NL,0,1,0.0,4.7,2,2,0,0,0,0,7.2,7,4,4,3,2,0,4,0,0,0,30,111,8.12,1.174,8.2,3.5,2.3,4.7,2.0
Luis Severino,29,NYY,AL,1,4,0.2,6.66,10,10,0,0,0,0,48.2,64,41,36,12,22,1,40,2,2,0,233,64,6.33,1.767,11.8,2.2,4.1,7.4,1.82
Paul Sewald,33,SEA,AL,3,0,1.0,2.95,41,0,28,0,0,19,39.2,27,13,13,4,13,1,58,0,0,1,155,140,2.66,1.008,6.1,0.9,2.9,13.2,4.46
Bryan Shaw,35,CHW,AL,0,0,0.0,9.39,6,0,2,0,0,0,7.2,11,8,8,2,3,0,4,2,0,1,38,48,7.59,1.826,12.9,2.3,3.5,4.7,1.33
Emmet Sheehan,23,LAD,NL,3,0,1.0,4.91,5,5,0,0,0,0,25.2,19,14,14,4,11,0,18,0,0,0,105,91,5.2,1.169,6.7,1.4,3.9,6.3,1.64
Ryan Sherriff ,33,BOS,AL,0,0,0.0,2.7,5,0,1,0,0,0,6.2,6,2,2,0,2,0,5,1,0,0,29,181,3.14,1.2,8.1,0.0,2.7,6.8,2.5
Zack Short,28,DET,AL,0,0,0.0,3.0,3,0,3,0,0,0,3.0,7,1,1,0,0,0,0,1,0,0,17,161,4.29,2.333,21.0,0.0,0.0,0.0,0.0
Chasen Shreve ,32,DET,AL,1,2,0.333,4.46,41,0,9,0,0,0,36.1,37,19,18,6,11,0,38,1,0,3,156,98,4.33,1.321,9.2,1.5,2.7,9.4,3.45
Jared Shuster ,24,ATL,NL,4,2,0.667,5.0,9,9,0,0,0,0,45.0,42,25,25,4,22,0,25,1,0,3,193,91,4.87,1.422,8.4,0.8,4.4,5.0,1.14
Chase Silseth,23,LAA,AL,2,1,0.667,4.44,10,2,3,0,0,0,24.1,21,15,12,4,15,0,25,0,1,4,107,101,5.22,1.479,7.8,1.5,5.5,9.2,1.67
Lucas Sims,29,CIN,NL,3,2,0.6,3.2,41,0,2,0,0,1,39.1,20,14,14,4,23,1,48,7,0,3,164,149,4.46,1.093,4.6,0.9,5.3,11.0,2.09
Brady Singer,26,KCR,AL,6,8,0.429,5.55,20,20,0,0,0,0,108.2,124,69,67,12,36,0,90,5,0,2,479,79,4.2,1.472,10.3,1.0,3.0,7.5,2.5
Tarik Skubal ,26,DET,AL,0,1,0.0,5.25,3,3,0,0,0,0,12.0,10,7,7,0,3,0,14,1,0,0,48,84,1.96,1.083,7.5,0.0,2.3,10.5,4.67
Ethan Small ,26,MIL,NL,0,0,0.0,15.0,1,0,0,0,0,0,3.0,9,5,5,1,0,0,5,0,0,1,18,32,4.29,3.0,27.0,3.0,0.0,15.0,0.0
Devin Smeltzer ,27,MIA,NL,0,1,0.0,6.89,6,1,2,0,0,0,15.2,21,14,12,6,4,0,10,3,0,1,73,64,8.33,1.596,12.1,3.4,2.3,5.7,2.5
Chad Smith,28,OAK,AL,1,1,0.5,6.75,9,0,4,0,0,0,12.0,14,9,9,1,6,0,9,1,0,1,53,62,4.62,1.667,10.5,0.8,4.5,6.8,1.5
Drew Smith,29,NYM,NL,4,3,0.571,4.5,35,0,9,0,0,2,32.0,30,20,16,4,16,0,36,4,0,1,141,92,4.54,1.438,8.4,1.1,4.5,10.1,2.25
Will Smith ,33,TEX,AL,1,3,0.25,2.75,36,0,28,0,0,17,36.0,21,12,11,2,8,2,38,0,0,1,135,160,2.57,0.806,5.3,0.5,2.0,9.5,4.75
AJ Smith-Shawver,20,ATL,NL,1,0,1.0,4.32,4,3,0,0,0,0,16.2,13,10,8,5,6,0,15,1,0,1,69,106,6.65,1.14,7.0,2.7,3.2,8.1,2.5
Drew Smyly ,34,CHC,NL,7,7,0.5,4.69,20,19,0,0,0,0,103.2,108,59,54,17,36,0,91,4,1,3,452,95,4.82,1.389,9.4,1.5,3.1,7.9,2.53
Blake Snell ,30,SDP,NL,6,8,0.429,2.67,20,20,0,0,0,0,108.0,79,33,32,11,59,0,143,2,0,8,453,153,3.66,1.278,6.6,0.9,4.9,11.9,2.42
Collin Snider,27,KCR,AL,0,0,0.0,7.71,5,0,1,0,0,0,4.2,7,4,4,0,4,0,3,0,0,0,25,61,4.57,2.357,13.5,0.0,7.7,5.8,0.75
Peter Solomon,26,ARI,NL,0,0,0.0,12.15,5,0,2,0,0,0,13.1,17,18,18,2,11,0,6,1,0,1,67,36,7.04,2.1,11.5,1.4,7.4,4.1,0.55
George Soriano,24,MIA,NL,0,0,0.0,1.99,9,0,3,0,0,1,22.2,15,8,5,0,9,1,21,3,1,0,96,221,3.02,1.059,6.0,0.0,3.6,8.3,2.33
José Soriano,24,LAA,AL,0,0,0.0,3.38,15,0,3,0,0,0,16.0,10,7,6,1,13,0,26,5,0,0,74,134,4.23,1.438,5.6,0.6,7.3,14.6,2.0
Michael Soroka,25,ATL,NL,2,1,0.667,5.52,6,5,0,0,0,0,29.1,32,18,18,7,11,0,23,4,0,2,131,82,6.36,1.466,9.8,2.1,3.4,7.1,2.09
Gregory Soto ,28,PHI,NL,2,4,0.333,4.66,42,0,9,0,0,1,36.2,29,21,19,2,16,0,37,2,0,4,155,93,3.45,1.227,7.1,0.5,3.9,9.1,2.31
Bennett Sousa ,28,MIL,NL,0,0,0.0,13.5,2,0,2,0,0,0,2.2,5,4,4,1,2,0,2,0,0,0,14,36,8.91,2.625,16.9,3.4,6.8,6.8,1.0
Alex Speas,25,TEX,AL,0,1,0.0,10.8,2,0,0,0,0,0,1.2,1,2,2,0,3,1,3,0,0,1,8,49,5.09,2.4,5.4,0.0,16.2,16.2,1.0
Gabe Speier ,28,SEA,AL,2,1,0.667,4.26,41,0,7,0,0,0,31.2,27,15,15,3,5,1,31,2,0,2,122,97,3.23,1.011,7.7,0.9,1.4,8.8,6.2
Jeffrey Springs ,30,TBR,AL,2,0,1.0,0.56,3,3,0,0,0,0,16.0,4,1,1,1,4,0,24,0,0,0,55,745,1.85,0.5,2.3,0.6,2.3,13.5,6.0
Jacob Stallings,33,MIA,NL,0,0,0.0,6.75,4,0,4,0,0,0,4.0,7,3,3,1,0,0,1,1,0,0,18,70,6.79,1.75,15.8,2.3,0.0,2.3,0.0
Ryne Stanek,31,HOU,AL,2,1,0.667,4.76,36,0,8,0,0,0,34.0,31,19,18,4,19,1,35,0,1,2,150,89,4.44,1.471,8.2,1.1,5.0,9.3,1.84
Josh Staumont,29,KCR,AL,0,0,0.0,5.4,21,1,5,0,0,0,20.0,16,12,12,1,13,0,24,2,0,3,89,83,3.79,1.45,7.2,0.5,5.9,10.8,1.85
Justin Steele ,27,CHC,NL,10,3,0.769,2.95,18,18,0,0,0,0,103.2,94,37,34,6,21,0,96,6,1,4,423,152,2.97,1.109,8.2,0.5,1.8,8.3,4.57
Trevor Stephan,27,CLE,AL,5,4,0.556,3.21,44,0,8,0,0,2,42.0,41,18,15,6,15,0,44,1,0,2,180,130,4.19,1.333,8.8,1.3,3.2,9.4,2.93
Robert Stephenson,30,TOT,MLB,1,4,0.2,4.15,36,0,10,0,0,0,30.1,22,16,14,5,13,1,41,0,0,0,124,105,4.01,1.154,6.5,1.5,3.9,12.2,3.15
Robert Stephenson,30,PIT,NL,0,3,0.0,5.14,18,0,5,0,0,0,14.0,12,9,8,3,8,1,17,0,0,0,61,89,5.36,1.429,7.7,1.9,5.1,10.9,2.13
Robert Stephenson,30,TBR,AL,1,1,0.5,3.31,18,0,5,0,0,0,16.1,10,7,6,2,5,0,24,0,0,0,63,127,2.86,0.918,5.5,1.1,2.8,13.2,4.8
Brock Stewart,31,MIN,AL,2,0,1.0,0.7,25,0,4,0,0,1,25.2,15,2,2,1,11,3,35,1,0,1,99,623,2.47,1.013,5.3,0.4,3.9,12.3,3.18
Gavin Stone,24,LAD,NL,0,0,0.0,12.75,4,3,0,0,0,0,12.0,28,18,17,1,8,0,8,0,0,0,71,36,5.04,3.0,21.0,0.8,6.0,6.0,1.0
Levi Stoudt,25,CIN,NL,0,1,0.0,9.9,3,2,0,0,0,0,10.0,15,11,11,1,7,0,8,0,1,0,52,49,5.09,2.2,13.5,0.9,6.3,7.2,1.14
Matt Strahm ,31,PHI,NL,6,3,0.667,3.6,31,9,4,0,0,1,60.0,47,25,24,9,15,0,76,3,1,1,241,120,3.61,1.033,7.1,1.4,2.3,11.4,5.07
Chris Stratton,32,STL,NL,1,1,0.5,4.09,39,0,17,0,0,1,50.2,42,25,23,3,13,0,55,1,0,4,205,107,2.72,1.086,7.5,0.5,2.3,9.8,4.23
Spencer Strider,24,ATL,NL,11,3,0.786,3.78,20,20,0,0,0,0,116.2,92,53,49,16,35,1,189,6,2,4,476,119,2.89,1.089,7.1,1.2,2.7,14.6,5.4
Ross Stripling,33,SFG,NL,0,3,0.0,5.92,14,9,2,0,0,0,51.2,58,35,34,13,11,0,42,1,1,0,220,73,5.63,1.335,10.1,2.3,1.9,7.3,3.82
Marcus Stroman,32,CHC,NL,10,7,0.588,3.09,21,21,0,1,1,0,122.1,94,47,42,7,46,0,105,3,0,2,498,145,3.52,1.144,6.9,0.5,3.4,7.7,2.28
Peter Strzelecki,28,MIL,NL,3,5,0.375,4.54,36,0,5,0,0,0,35.2,32,18,18,3,10,1,37,8,0,0,156,96,3.82,1.178,8.1,0.8,2.5,9.3,3.7
José Suarez ,25,LAA,AL,1,2,0.333,9.62,6,6,0,0,0,0,24.1,37,27,26,9,15,0,21,0,0,1,123,47,8.22,2.137,13.7,3.3,5.5,7.8,1.4
Ranger Suárez ,27,PHI,NL,2,5,0.286,4.07,13,13,0,0,0,0,73.0,75,34,33,7,27,0,67,1,0,4,313,106,3.85,1.397,9.2,0.9,3.3,8.3,2.48
Robert Suarez,32,SDP,NL,0,0,0.0,0.0,1,0,0,0,0,0,1.0,0,0,0,0,0,0,0,0,0,0,3,0,3.29,0.0,0.0,0.0,0.0,0.0,0.0
Wander Suero,31,LAD,NL,0,0,0.0,8.1,4,0,3,0,0,0,6.2,4,6,6,2,4,0,7,0,0,0,28,57,6.89,1.2,5.4,2.7,5.4,9.5,1.75
Cole Sulser,33,ARI,NL,0,0,0.0,6.23,3,0,0,0,0,0,4.1,3,3,3,2,3,0,4,0,0,0,18,74,9.52,1.385,6.2,4.2,6.2,8.3,1.33
Brent Suter ,33,COL,NL,4,0,1.0,2.74,32,0,8,0,0,0,42.2,35,18,13,2,14,0,35,1,0,1,175,185,3.31,1.148,7.4,0.4,3.0,7.4,2.5
Erik Swanson,29,TOR,AL,2,2,0.5,2.93,46,0,8,0,0,2,46.0,31,15,15,6,17,0,51,0,0,0,180,144,3.88,1.043,6.1,1.2,3.3,10.0,3.0
Devin Sweet,26,SEA,AL,0,0,0.0,18.0,1,0,1,0,0,0,1.0,1,2,2,1,1,0,0,0,0,0,5,31,19.29,2.0,9.0,9.0,9.0,0.0,0.0
Noah Syndergaard,30,LAD,NL,1,4,0.2,7.16,12,12,0,0,0,0,55.1,71,44,44,12,9,0,38,6,0,0,246,62,5.55,1.446,11.5,2.0,1.5,6.2,4.22
Jameson Taillon,31,CHC,NL,3,6,0.333,6.05,16,16,0,0,0,0,77.1,85,57,52,14,23,0,67,3,0,1,335,74,4.92,1.397,9.9,1.6,2.7,7.8,2.91
Domingo Tapia,31,SDP,NL,0,1,0.0,3.57,15,0,6,0,0,1,17.2,13,8,7,2,12,1,14,1,0,0,75,116,5.38,1.415,6.6,1.0,6.1,7.1,1.17
Freddy Tarnok,24,OAK,AL,0,1,0.0,4.76,2,0,1,0,0,0,5.2,3,3,3,2,5,0,3,0,0,1,24,91,9.47,1.412,4.8,3.2,7.9,4.8,0.6
Josh Taylor ,30,KCR,AL,1,3,0.25,8.15,17,1,4,0,0,0,17.2,22,17,16,4,9,1,26,0,1,1,83,55,4.82,1.755,11.2,2.0,4.6,13.2,2.89
Julio Teheran,32,MIL,NL,2,4,0.333,4.01,9,9,0,0,0,0,51.2,46,24,23,8,11,0,35,3,2,0,208,109,4.76,1.103,8.0,1.4,1.9,6.1,3.18
Ryan Tepera,35,TOT,MLB,2,2,0.5,7.59,12,0,2,0,0,0,10.2,18,11,9,3,4,1,11,3,0,0,57,62,6.85,2.063,15.2,2.5,3.4,9.3,2.75
Ryan Tepera,35,LAA,AL,2,2,0.5,7.27,10,0,2,0,0,0,8.2,15,9,7,2,3,1,10,2,0,0,46,63,5.71,2.077,15.6,2.1,3.1,10.4,3.33
Ryan Tepera,35,STL,NL,0,0,0.0,9.0,2,0,0,0,0,0,2.0,3,2,2,1,1,0,1,1,0,0,11,57,11.79,2.0,13.5,4.5,4.5,4.5,1.0
Juan Then,23,SEA,AL,0,0,0.0,4.91,9,0,4,0,0,0,11.0,14,6,6,3,2,0,5,0,0,1,48,86,6.47,1.455,11.5,2.5,1.6,4.1,2.5
Caleb Thielbar ,36,MIN,AL,0,1,0.0,1.74,12,0,2,0,0,0,10.1,8,3,2,1,2,0,10,0,0,0,40,256,3.19,0.968,7.0,0.9,1.7,8.7,5.0
Lane Thomas,27,WSN,NL,0,0,0.0,27.0,1,0,1,0,0,0,1.0,3,3,3,1,0,0,1,0,0,0,6,21,14.29,3.0,27.0,9.0,0.0,9.0,0.0
Keegan Thompson,28,CHC,NL,2,2,0.5,4.22,15,0,3,0,0,0,21.1,14,10,10,1,14,0,16,0,0,2,91,107,4.37,1.313,5.9,0.4,5.9,6.8,1.14
Mason Thompson,25,WSN,NL,3,3,0.5,4.43,38,0,3,0,0,1,44.2,41,24,22,3,18,0,39,3,0,3,188,94,3.83,1.321,8.3,0.6,3.6,7.9,2.17
Ryan Thompson,31,TBR,AL,1,2,0.333,6.11,18,0,3,0,0,0,17.2,14,13,12,2,7,0,12,3,0,2,76,68,5.1,1.189,7.1,1.0,3.6,6.1,1.71
Zack Thompson ,25,STL,NL,2,3,0.4,5.79,13,0,0,0,0,0,14.0,17,10,9,1,11,0,19,0,0,1,67,77,3.86,2.0,10.9,0.6,7.1,12.2,1.73
Trent Thornton,29,TOR,AL,0,0,0.0,1.69,4,0,0,0,0,0,5.1,7,1,1,0,1,0,5,0,0,0,22,265,1.98,1.5,11.8,0.0,1.7,8.4,5.0
Michael Tonkin,33,ATL,NL,5,2,0.714,3.22,24,0,6,0,0,1,50.1,37,21,18,6,11,0,42,1,0,1,196,141,3.89,0.954,6.6,1.1,2.0,7.5,3.82
Justin Topa,32,SEA,AL,1,3,0.25,2.84,42,0,8,0,0,2,38.0,38,15,12,2,11,3,36,1,0,0,161,145,3.03,1.289,9.0,0.5,2.6,8.5,3.27
Touki Toussaint,27,TOT,AL,0,3,0.0,4.2,7,4,1,0,0,0,30.0,19,14,14,2,22,0,25,3,1,2,129,105,4.99,1.367,5.7,0.6,6.6,7.5,1.14
Touki Toussaint,27,CLE,AL,0,1,0.0,4.91,1,1,0,0,0,0,3.2,3,2,2,0,5,0,2,0,0,1,19,93,6.29,2.182,7.4,0.0,12.3,4.9,0.4
Touki Toussaint,27,CHW,AL,0,2,0.0,4.1,6,3,1,0,0,0,26.1,16,12,12,2,17,0,23,3,1,1,110,107,4.81,1.253,5.5,0.7,5.8,7.9,1.35
Alan Trejo,27,COL,NL,0,0,0.0,13.5,2,0,2,0,0,0,2.0,4,3,3,2,0,0,1,0,0,0,10,43,15.29,2.0,18.0,9.0,0.0,4.5,0.0
Spencer Turnbull,30,DET,AL,1,4,0.2,7.26,7,7,0,0,0,0,31.0,37,26,25,5,15,0,24,3,0,2,145,60,5.58,1.677,10.7,1.5,4.4,7.0,1.6
Edwin Uceta,25,NYM,NL,0,0,0.0,0.0,1,0,1,0,0,0,3.0,0,0,0,0,2,0,3,1,0,0,11,0,4.29,0.667,0.0,0.0,6.0,9.0,1.5
Erich Uelmen,27,PHI,NL,0,0,0.0,36.0,1,0,0,0,0,0,1.0,3,4,4,0,2,0,1,0,0,0,8,16,7.29,5.0,27.0,0.0,18.0,9.0,0.5
Duane Underwood Jr.,28,PIT,NL,1,0,1.0,5.18,20,0,9,0,0,2,24.1,24,14,14,3,11,0,14,0,0,0,100,87,5.1,1.438,8.9,1.1,4.1,5.2,1.27
José Ureña,31,COL,NL,0,4,0.0,9.82,5,5,0,0,0,0,18.1,27,22,20,9,14,0,9,0,0,1,93,52,10.98,2.236,13.3,4.4,6.9,4.4,0.64
Julio Urías ,26,LAD,NL,7,6,0.538,5.02,14,14,0,0,0,0,75.1,71,43,42,15,17,0,72,3,1,1,313,88,4.76,1.168,8.5,1.8,2.0,8.6,4.24
Abner Uribe,23,MIL,NL,0,0,0.0,2.08,3,0,2,0,0,0,4.1,3,1,1,0,1,0,7,0,1,0,17,225,0.75,0.923,6.2,0.0,2.1,14.5,7.0
José Urquidy,28,HOU,AL,2,2,0.5,5.2,6,6,0,0,0,0,27.2,33,16,16,6,10,0,23,1,0,0,123,81,5.64,1.554,10.7,2.0,3.3,7.5,2.3
Framber Valdez ,29,HOU,AL,8,6,0.571,2.94,19,19,0,1,1,0,122.1,104,45,40,9,30,0,133,5,0,5,495,142,2.93,1.095,7.7,0.7,2.2,9.8,4.43
Chris Vallimont,26,BAL,AL,0,0,0.0,0.0,1,0,1,0,0,0,0.2,1,0,0,0,0,0,1,0,0,0,2,0,0.29,1.5,13.5,0.0,0.0,13.5,0.0
Carlos Vargas,23,ARI,NL,0,0,0.0,5.79,5,0,3,0,0,0,4.2,5,3,3,2,4,0,7,1,0,0,22,79,9.07,1.929,9.6,3.9,7.7,13.5,1.75
Ildemaro Vargas,31,WSN,NL,0,0,0.0,0.0,1,0,1,0,0,0,1.0,0,0,0,0,0,0,0,0,0,0,3,0,3.29,0.0,0.0,0.0,0.0,0.0,0.0
Gus Varland,26,MIL,NL,0,0,0.0,11.42,8,0,1,0,0,0,8.2,15,12,11,3,8,0,6,1,0,0,51,39,9.52,2.654,15.6,3.1,8.3,6.2,0.75
Louie Varland,25,MIN,AL,3,3,0.5,5.3,10,10,0,0,0,0,56.0,60,33,33,14,16,0,54,1,0,2,241,82,5.52,1.357,9.6,2.3,2.6,8.7,3.38
Andrew Vasquez ,29,PHI,NL,2,0,1.0,2.04,29,0,11,0,0,0,39.2,34,10,9,3,14,1,34,5,2,2,169,212,3.99,1.21,7.7,0.7,3.2,7.7,2.43
Randy Vásquez,24,NYY,AL,1,1,0.5,1.17,3,3,0,0,0,0,15.1,9,2,2,1,7,0,10,3,0,0,65,368,4.79,1.043,5.3,0.6,4.1,5.9,1.43
Vince Velasquez,31,PIT,NL,4,4,0.5,3.86,8,8,0,0,0,0,37.1,35,16,16,4,14,0,37,1,0,2,162,117,3.91,1.313,8.4,1.0,3.4,8.9,2.64
Drew VerHagen,32,STL,NL,4,0,1.0,4.7,36,0,10,0,0,0,38.1,38,23,20,6,18,2,40,2,1,3,176,93,4.8,1.461,8.9,1.4,4.2,9.4,2.22
Justin Verlander,40,NYM,NL,4,5,0.444,3.47,14,14,0,0,0,0,83.0,70,35,32,9,26,0,70,1,0,3,340,119,3.99,1.157,7.6,1.0,2.8,7.6,2.69
Alex Vesia ,27,LAD,NL,0,4,0.0,6.2,30,1,4,0,0,1,24.2,36,18,17,4,13,2,39,1,0,2,122,72,3.94,1.986,13.1,1.5,4.7,14.2,3.0
Nick Vespi ,27,BAL,AL,0,0,0.0,3.0,5,0,1,0,0,0,9.0,9,3,3,1,1,1,7,1,0,0,35,145,3.84,1.111,9.0,1.0,1.0,7.0,7.0
Will Vest,28,DET,AL,2,0,1.0,2.73,27,3,4,0,0,0,29.2,23,10,9,1,9,0,32,0,0,0,120,160,2.48,1.079,7.0,0.3,2.7,9.7,3.56
David Villar,26,SFG,NL,0,0,0.0,0.0,1,0,1,0,0,0,1.0,0,0,0,0,1,0,0,0,0,0,3,0,6.29,1.0,0.0,0.0,9.0,0.0,0.0
Jason Vosler,29,CIN,NL,0,0,0.0,4.5,2,0,2,0,0,0,2.0,5,1,1,0,0,0,0,0,0,0,11,122,3.29,2.5,22.5,0.0,0.0,0.0,0.0
Austin Voth,31,BAL,AL,1,2,0.333,4.94,23,0,4,0,0,0,31.0,35,19,17,6,14,1,31,3,0,0,144,86,5.45,1.581,10.2,1.7,4.1,9.0,2.21
Michael Wacha,31,SDP,NL,8,2,0.8,2.84,15,15,0,0,0,0,85.2,67,27,27,8,25,0,73,2,1,3,343,144,3.74,1.074,7.0,0.8,2.6,7.7,2.92
Adam Wainwright,41,STL,NL,3,4,0.429,7.66,11,11,0,0,0,0,51.2,84,50,44,10,19,0,28,1,0,1,254,57,5.88,1.994,14.6,1.7,3.3,4.9,1.47
Cole Waites,25,SFG,NL,0,0,0.0,15.43,3,0,2,0,0,0,2.1,6,5,4,0,2,0,2,0,0,0,15,32,4.15,3.429,23.1,0.0,7.7,7.7,1.0
Ken Waldichuk ,25,OAK,AL,2,6,0.25,6.75,23,13,2,0,0,1,80.0,98,64,60,16,49,1,78,5,0,2,381,60,5.96,1.838,11.0,1.8,5.5,8.8,1.59
Matt Waldron,26,SDP,NL,0,1,0.0,3.86,1,1,0,0,0,0,4.2,4,2,2,2,1,0,2,0,0,0,19,114,8.65,1.071,7.7,3.9,1.9,3.9,2.0
Josh Walker ,28,NYM,NL,0,1,0.0,6.75,8,0,1,0,0,0,6.2,7,6,5,0,6,0,6,0,0,1,32,64,4.19,1.95,9.5,0.0,8.1,8.1,1.0
Ryan Walker,27,SFG,NL,3,0,1.0,2.4,22,5,4,0,0,0,30.0,29,10,8,4,8,0,34,1,0,2,126,181,3.66,1.233,8.7,1.2,2.4,10.2,4.25
Taijuan Walker,30,PHI,NL,11,4,0.733,4.11,20,20,0,0,0,0,107.1,92,49,49,13,43,0,94,2,1,2,443,105,4.37,1.258,7.7,1.1,3.6,7.9,2.19
Brandon Walter ,26,BOS,AL,0,0,0.0,3.29,5,0,2,0,0,1,13.2,17,6,5,1,3,0,9,1,0,0,61,145,3.8,1.463,11.2,0.7,2.0,5.9,3.0
Andrew Wantz,27,LAA,AL,1,0,1.0,4.56,15,0,3,0,0,0,23.2,16,13,12,2,9,0,22,1,0,0,96,99,3.8,1.056,6.1,0.8,3.4,8.4,2.44
Thaddeus Ward,26,WSN,NL,0,0,0.0,7.12,22,0,7,0,0,0,30.1,26,24,24,7,24,1,26,0,0,1,136,59,6.95,1.648,7.7,2.1,7.1,7.7,1.08
Austin Warren,27,LAA,AL,1,0,1.0,5.4,2,0,1,0,0,0,1.2,2,1,1,1,0,0,2,0,0,0,6,99,8.69,1.2,10.8,5.4,0.0,10.8,0.0
Ryan Weathers ,23,SDP,NL,1,6,0.143,6.25,12,10,0,0,0,0,44.2,55,33,31,9,17,0,29,1,0,1,196,66,5.82,1.612,11.1,1.8,3.4,5.8,1.71
Luke Weaver,29,CIN,NL,2,2,0.5,7.22,16,16,0,0,0,0,76.0,100,61,61,19,24,0,64,2,0,2,348,66,5.88,1.632,11.8,2.3,2.8,7.6,2.67
Jacob Webb,29,LAA,AL,1,1,0.5,3.51,24,0,3,0,0,1,25.2,18,10,10,4,14,3,26,2,0,1,112,128,5.16,1.247,6.3,1.4,4.9,9.1,1.86
Logan Webb,26,SFG,NL,8,8,0.5,3.48,21,21,0,1,1,0,134.1,126,56,52,16,24,0,136,3,0,1,536,123,3.42,1.117,8.4,1.1,1.6,9.1,5.67
Ryan Weber,32,NYY,AL,1,0,1.0,3.14,8,0,4,0,0,1,14.1,17,5,5,2,1,0,7,1,0,0,60,138,4.54,1.256,10.7,1.3,0.6,4.4,7.0
Jordan Weems,30,WSN,NL,1,0,1.0,3.7,19,0,5,0,0,0,24.1,14,13,10,5,14,1,25,2,0,0,101,114,5.88,1.151,5.2,1.8,5.2,9.2,1.79
Zack Weiss,31,LAA,AL,1,0,1.0,3.86,5,0,0,0,0,0,4.2,6,2,2,2,1,0,6,0,0,0,21,123,6.93,1.5,11.6,3.9,1.9,11.6,6.0
Greg Weissert,28,NYY,AL,0,0,0.0,4.05,6,0,3,0,0,0,6.2,7,3,3,2,5,0,7,1,0,0,31,110,7.79,1.8,9.5,2.7,6.8,9.5,1.4
Tyler Wells,28,BAL,AL,7,5,0.583,3.54,19,18,0,0,0,0,106.2,79,44,42,22,26,0,105,1,2,2,420,118,4.76,0.984,6.7,1.9,2.2,8.9,4.04
Joey Wentz ,25,DET,AL,1,9,0.1,6.78,16,15,0,0,0,0,71.2,86,57,54,16,31,0,66,0,2,2,330,64,5.65,1.633,10.8,2.0,3.9,8.3,2.13
Hayden Wesneski,25,CHC,NL,2,3,0.4,4.75,15,10,1,0,0,0,60.2,58,36,32,14,15,0,49,3,0,1,254,94,5.56,1.203,8.6,2.1,2.2,7.3,3.27
Zack Wheeler,33,PHI,NL,7,5,0.583,3.88,20,20,0,0,0,0,118.1,112,54,51,10,23,0,134,7,0,1,495,111,2.88,1.141,8.5,0.8,1.7,10.2,5.83
Brendan White,24,DET,AL,2,2,0.5,4.95,16,1,4,0,0,0,20.0,19,12,11,3,7,0,20,2,0,1,85,89,4.59,1.3,8.6,1.4,3.2,9.0,2.86
Mitch White,28,TOR,AL,0,0,0.0,7.3,9,0,5,0,0,0,12.1,14,10,10,2,7,0,13,0,0,1,58,59,4.99,1.703,10.2,1.5,5.1,9.5,1.86
Owen White,23,TEX,AL,0,1,0.0,13.5,1,0,0,0,0,0,2.0,4,3,3,1,1,0,2,0,0,0,11,38,9.29,2.5,18.0,4.5,4.5,9.0,2.0
Garrett Whitlock,27,BOS,AL,4,3,0.571,5.23,10,10,0,0,0,0,51.2,61,31,30,10,7,0,47,2,0,2,216,90,4.51,1.316,10.6,1.7,1.2,8.2,6.71
Devin Williams,28,MIL,NL,4,2,0.667,1.64,39,0,33,0,0,25,38.1,20,8,7,3,20,1,55,0,0,0,153,266,3.0,1.043,4.7,0.7,4.7,12.9,2.75
Gavin Williams,23,CLE,AL,1,2,0.333,3.74,6,6,0,0,0,0,33.2,29,14,14,4,15,0,26,1,0,0,140,112,4.71,1.307,7.8,1.1,4.0,7.0,1.73
Luke Williams,26,LAD,NL,0,0,0.0,0.0,1,0,1,0,0,0,1.0,0,0,0,0,0,0,0,0,0,0,3,0,3.29,0.0,0.0,0.0,0.0,0.0,0.0
Trevor Williams,31,WSN,NL,5,5,0.5,4.38,20,20,0,0,0,0,98.2,109,55,48,20,33,0,74,3,2,0,435,95,5.52,1.439,9.9,1.8,3.0,6.8,2.24
Brandon Williamson ,25,CIN,NL,2,2,0.5,4.6,12,12,0,0,0,0,58.2,51,33,30,10,23,0,46,1,0,0,245,103,5.16,1.261,7.8,1.5,3.5,7.1,2.0
Amos Willingham,24,WSN,NL,0,2,0.0,11.74,7,0,2,0,0,0,7.2,14,10,10,4,1,0,4,1,0,0,39,37,9.81,1.957,16.4,4.7,1.2,4.7,4.0
Bryse Wilson,25,MIL,NL,3,0,1.0,2.51,32,0,10,0,0,3,46.2,34,15,13,3,12,0,40,1,0,4,186,174,3.25,0.986,6.6,0.6,2.3,7.7,3.33
Steven Wilson,28,SDP,NL,1,0,1.0,2.7,38,0,3,0,0,0,40.0,23,12,12,4,18,0,42,2,0,0,159,152,3.99,1.025,5.2,0.9,4.1,9.5,2.33
Allan Winans,27,ATL,NL,0,0,0.0,4.15,1,1,0,0,0,0,4.1,5,2,2,0,1,0,5,0,0,0,18,117,1.67,1.385,10.4,0.0,2.1,10.4,5.0
Josh Winckowski,25,BOS,AL,3,1,0.75,2.96,34,0,5,0,0,2,54.2,58,23,18,8,16,1,45,2,0,2,233,158,4.53,1.354,9.5,1.3,2.6,7.4,2.81
Josh Winder,26,MIN,AL,1,0,1.0,4.76,4,0,3,0,0,0,5.2,8,3,3,1,3,0,7,0,0,0,27,96,4.7,1.941,12.7,1.6,4.8,11.1,2.33
Trey Wingenter,29,DET,AL,1,0,1.0,8.31,6,0,1,0,0,0,4.1,5,4,4,0,2,0,5,2,0,2,22,56,3.75,1.615,10.4,0.0,4.2,10.4,2.5
Keaton Winn,25,SFG,NL,0,2,0.0,4.09,5,2,1,0,0,1,22.0,18,10,10,3,5,0,14,4,0,1,91,106,5.02,1.045,7.4,1.2,2.0,5.7,2.8
Brett Wisely,24,SFG,NL,0,0,0.0,9.0,1,0,1,0,0,0,1.0,1,1,1,1,0,0,0,0,0,0,4,65,16.29,1.0,9.0,9.0,0.0,0.0,0.0
Nick Wittgren,32,KCR,AL,0,0,0.0,6.75,19,0,11,0,0,0,21.1,26,17,16,2,10,0,15,2,0,1,99,66,4.79,1.688,11.0,0.8,4.2,6.3,1.5
Jackson Wolf ,24,SDP,NL,1,0,1.0,5.4,1,1,0,0,0,0,5.0,6,3,3,0,1,0,1,0,0,0,22,81,3.49,1.4,10.8,0.0,1.8,1.8,1.0
Jake Wong,26,CIN,NL,0,0,0.0,9.0,1,0,1,0,0,0,3.0,6,3,3,0,3,0,0,0,0,0,15,58,6.29,3.0,18.0,0.0,9.0,0.0,0.0
Bryan Woo,23,SEA,AL,1,2,0.333,4.74,8,8,0,0,0,0,38.0,36,23,20,6,12,0,47,1,0,1,163,87,3.89,1.263,8.5,1.4,2.8,11.1,3.92
Alex Wood ,32,SFG,NL,4,4,0.5,4.99,15,11,0,0,0,0,57.2,59,35,32,8,30,0,51,7,2,0,262,86,5.25,1.543,9.2,1.2,4.7,8.0,1.7
Jake Woodford,26,STL,NL,2,2,0.5,5.67,12,6,1,0,0,0,39.2,50,26,25,8,17,0,25,3,0,1,182,77,6.16,1.689,11.3,1.8,3.9,5.7,1.47
Brandon Woodruff,30,MIL,NL,1,0,1.0,0.79,2,2,0,0,0,0,11.1,7,1,1,1,3,0,12,0,0,0,42,562,3.11,0.882,5.6,0.8,2.4,9.5,4.0
Simeon Woods Richardson,22,MIN,AL,0,0,0.0,9.64,1,0,0,0,0,0,4.2,7,5,5,1,3,0,5,0,0,0,24,48,5.86,2.143,13.5,1.9,5.8,9.6,1.67
Kyle Wright,27,ATL,NL,0,1,0.0,5.79,5,5,0,0,0,0,18.2,23,14,12,2,10,0,20,2,0,2,93,79,4.47,1.768,11.1,1.0,4.8,9.6,2.0
Randy Wynne,30,CIN,NL,0,1,0.0,3.86,1,0,0,0,0,0,2.1,3,1,1,0,1,0,0,0,0,1,11,139,4.57,1.714,11.6,0.0,3.9,0.0,0.0
Jimmy Yacabonis,31,NYM,NL,2,1,0.667,9.0,5,0,0,0,0,0,9.0,12,9,9,1,4,0,8,1,0,0,44,48,4.62,1.778,12.0,1.0,4.0,8.0,2.0
Ryan Yarbrough ,31,KCR,AL,2,5,0.286,5.21,12,5,2,0,0,0,38.0,39,22,22,4,9,0,23,6,0,1,161,85,4.63,1.263,9.2,0.9,2.1,5.4,2.56
Kirby Yates,36,ATL,NL,4,0,1.0,3.38,37,0,7,0,0,2,37.1,25,14,14,6,21,1,52,2,0,4,159,135,4.44,1.232,6.0,1.4,5.1,12.5,2.48
Alex Young ,29,CIN,NL,4,0,1.0,2.31,45,0,1,0,0,1,39.0,36,12,10,5,14,0,38,1,0,0,166,206,4.16,1.282,8.3,1.2,3.2,8.8,2.71
Danny Young ,29,ATL,NL,0,0,0.0,1.08,8,0,5,0,0,0,8.1,7,1,1,0,2,0,11,3,0,0,35,434,2.45,1.08,7.6,0.0,2.2,11.9,5.5
Rob Zastryzny ,31,PIT,NL,1,0,1.0,5.29,18,0,2,0,0,0,17.0,20,13,10,1,13,1,13,0,0,2,83,86,4.82,1.941,10.6,0.5,6.9,6.9,1.0
Bruce Zimmermann ,28,BAL,AL,1,0,1.0,5.56,6,0,4,0,0,0,11.1,15,8,7,3,0,0,12,2,0,0,53,78,5.14,1.324,11.9,2.4,0.0,9.5,0.0
Guillermo Zuñiga,24,STL,NL,0,0,0.0,0.0,1,0,1,0,0,0,1.0,0,0,0,0,0,0,2,0,0,0,3,0,-0.71,0.0,0.0,0.0,0.0,18.0,0.0
